
  VITE v6.4.3  ready in 130 ms

  ➜  Local:   https://localhost:5173/
  ➜  Network: https://192.168.15.7:5173/
8:30:56 PM [vite] (client) hmr update /src/screens/RecordScreen.tsx
8:30:59 PM [vite] (client) hmr update /src/screens/RecordScreen.tsx
8:31:03 PM [vite] (client) hmr update /src/screens/RecordScreen.tsx
8:31:06 PM [vite] (client) hmr update /src/screens/RecordScreen.tsx
8:31:09 PM [vite] (client) hmr update /src/screens/RecordScreen.tsx
8:45:08 PM [vite] (client) hmr update /src/screens/RecordScreen.tsx
8:45:16 PM [vite] (client) hmr update /src/screens/RecordScreen.tsx
8:45:20 PM [vite] (client) hmr update /src/screens/RecordScreen.tsx
8:46:08 PM [vite] (client) hmr update /src/screens/FeedScreen.tsx
8:46:08 PM [vite] Internal server error: Failed to resolve import "../hooks/useCardWebSocket" from "src/screens/FeedScreen.tsx". Does the file exist?
  Plugin: vite:import-analysis
  File: /Users/sergio/aura-apps/apps/farm-capacitor/src/screens/FeedScreen.tsx:5:56
  17 |  var _s = $RefreshSig$();
  18 |  import { useRef } from "react";
  19 |  import { useCardWebSocket } from "../hooks/useCardWebSocket";
     |                                    ^
  20 |  function getUserId() {
  21 |    const key = "aura-farm-user-id";
      at TransformPluginContext._formatLog (file:///Users/sergio/aura-apps/node_modules/.pnpm/vite@6.4.3_@types+node@26.1.1_lightningcss@1.33.0_terser@5.49.0_tsx@4.23.1/node_modules/vite/dist/node/chunks/dep-Dm0c1Wj2.js:42658:41)
      at TransformPluginContext.error (file:///Users/sergio/aura-apps/node_modules/.pnpm/vite@6.4.3_@types+node@26.1.1_lightningcss@1.33.0_terser@5.49.0_tsx@4.23.1/node_modules/vite/dist/node/chunks/dep-Dm0c1Wj2.js:42655:16)
      at normalizeUrl (file:///Users/sergio/aura-apps/node_modules/.pnpm/vite@6.4.3_@types+node@26.1.1_lightningcss@1.33.0_terser@5.49.0_tsx@4.23.1/node_modules/vite/dist/node/chunks/dep-Dm0c1Wj2.js:40634:23)
      at process.processTicksAndRejections (node:internal/process/task_queues:104:5)
      at async file:///Users/sergio/aura-apps/node_modules/.pnpm/vite@6.4.3_@types+node@26.1.1_lightningcss@1.33.0_terser@5.49.0_tsx@4.23.1/node_modules/vite/dist/node/chunks/dep-Dm0c1Wj2.js:40753:37
      at async Promise.all (index 4)
      at async TransformPluginContext.transform (file:///Users/sergio/aura-apps/node_modules/.pnpm/vite@6.4.3_@types+node@26.1.1_lightningcss@1.33.0_terser@5.49.0_tsx@4.23.1/node_modules/vite/dist/node/chunks/dep-Dm0c1Wj2.js:40680:7)
      at async EnvironmentPluginContainer.transform (file:///Users/sergio/aura-apps/node_modules/.pnpm/vite@6.4.3_@types+node@26.1.1_lightningcss@1.33.0_terser@5.49.0_tsx@4.23.1/node_modules/vite/dist/node/chunks/dep-Dm0c1Wj2.js:42453:18)
      at async loadAndTransform (file:///Users/sergio/aura-apps/node_modules/.pnpm/vite@6.4.3_@types+node@26.1.1_lightningcss@1.33.0_terser@5.49.0_tsx@4.23.1/node_modules/vite/dist/node/chunks/dep-Dm0c1Wj2.js:35845:27)
      at async viteTransformMiddleware (file:///Users/sergio/aura-apps/node_modules/.pnpm/vite@6.4.3_@types+node@26.1.1_lightningcss@1.33.0_terser@5.49.0_tsx@4.23.1/node_modules/vite/dist/node/chunks/dep-Dm0c1Wj2.js:37369:24)
8:46:11 PM [vite] (client) hmr update /src/App.tsx
8:46:14 PM [vite] (client) hmr update /src/screens/FeedScreen.tsx
11:35:30 PM [vite] (client) hmr update /src/App.tsx
11:35:37 PM [vite] (client) hmr update /src/components/UserCarousel.tsx
11:45:39 PM [vite] (client) hmr update /src/screens/RecordScreen.tsx
11:45:39 PM [vite] (client) hmr update /src/screens/FeedScreen.tsx
12:10:28 AM [vite] (client) hmr update /src/components/UserCarousel.tsx
12:10:28 AM [vite] (client) hmr update /src/screens/CreateUserScreen.tsx
1:01:36 AM [vite] (client) hmr update /src/screens/RecordScreen.tsx
1:01:41 AM [vite] (client) hmr update /src/screens/RecordScreen.tsx
1:01:45 AM [vite] (client) hmr update /src/screens/RecordScreen.tsx
11:11:54 AM [vite] (client) hmr update /src/screens/RecordScreen.tsx
11:12:14 AM [vite] (client) hmr update /src/screens/RecordScreen.tsx
11:12:22 AM [vite] (client) hmr update /src/screens/RecordScreen.tsx
11:12:58 AM [vite] changed tsconfig file detected: /Users/sergio/aura-apps/apps/farm-capacitor/tsconfig.json - Clearing cache and forcing full-reload to ensure TypeScript is compiled with updated config values.
11:36:48 AM [vite] (client) hmr update /src/screens/RecordScreen.tsx
11:36:51 AM [vite] (client) hmr update /src/screens/RecordScreen.tsx
11:36:54 AM [vite] (client) hmr update /src/screens/RecordScreen.tsx
11:36:58 AM [vite] (client) hmr update /src/screens/RecordScreen.tsx
12:01:59 PM [vite] (client) page reload src/main.tsx
12:02:06 PM [vite] (client) hmr update /src/App.tsx
12:02:19 PM [vite] (client) hmr update /src/App.tsx
12:02:39 PM [vite] (client) hmr update /src/screens/RecordScreen.tsx
12:02:46 PM [vite] (client) hmr update /src/screens/RecordScreen.tsx
12:02:58 PM [vite] (client) hmr update /src/screens/RecordScreen.tsx
12:03:02 PM [vite] (client) hmr update /src/screens/RecordScreen.tsx
12:03:24 PM [vite] (client) hmr update /src/screens/HomeScreen.tsx
12:03:34 PM [vite] (client) hmr update /src/screens/FeedScreen.tsx
1:32:23 PM [vite] (client) hmr update /src/App.tsx
1:32:26 PM [vite] (client) hmr update /src/App.tsx
1:32:31 PM [vite] (client) hmr update /src/screens/HomeScreen.tsx
1:32:41 PM [vite] (client) hmr update /src/screens/RecordScreen.tsx
1:32:48 PM [vite] (client) hmr update /src/screens/RecordScreen.tsx
1:32:52 PM [vite] (client) hmr update /src/screens/RecordScreen.tsx
1:32:57 PM [vite] (client) hmr update /src/screens/RecordScreen.tsx
3:01:58 PM [vite] changed tsconfig file detected: /Users/sergio/aura-apps/apps/farm-capacitor/tsconfig.json - Clearing cache and forcing full-reload to ensure TypeScript is compiled with updated config values.
3:01:58 PM [vite] vite.config.ts changed, restarting server...
3:01:59 PM [vite] (client) hmr update /src/theme.css
3:01:59 PM [vite] (client) hmr update /src/screens/RecordScreen.tsx
3:01:59 PM [vite] (client) hmr update /src/screens/PrivacySettingsScreen.tsx
3:01:59 PM [vite] (client) hmr update /src/screens/HomeScreen.tsx
3:01:59 PM [vite] (client) hmr update /src/screens/FeedScreen.tsx
3:01:59 PM [vite] (client) hmr update /src/screens/CreateUserScreen.tsx
3:01:59 PM [vite] (client) hmr update /src/screens/RecordScreen.tsx
3:01:59 PM [vite] (client) hmr update /src/components/LevelUpCelebration.tsx
3:01:59 PM [vite] (client) hmr update /src/App.tsx
3:01:59 PM [vite] (client) hmr update /src/components/GameHUD.tsx
3:01:59 PM [vite] (client) hmr update /src/components/UserCarousel.tsx
3:01:59 PM [vite] (client) page reload src/main.tsx
3:01:59 PM [vite] (client) hmr update /src/screens/RecordScreen.tsx
3:01:59 PM [vite] (client) hmr update /src/screens/RecordScreen.tsx
3:01:59 PM [vite] (client) hmr update /src/screens/RecordScreen.tsx
3:01:59 PM [vite] (client) hmr update /src/screens/RecordScreen.tsx
3:01:59 PM [vite] (client) hmr update /src/screens/FeedScreen.tsx
3:01:59 PM [vite] (client) hmr update /src/index.css
3:01:59 PM [vite] (client) hmr update /src/screens/RecordScreen.tsx
3:01:59 PM [vite] (client) hmr update /src/screens/PrivacySettingsScreen.tsx, /src/screens/RecordScreen.tsx
(node:22864) UnsupportedWarning: Status message is not supported by HTTP/2 (RFC7540 8.1.2.4)
(Use `node --trace-warnings ...` to show where the warning was created)
3:01:59 PM [vite] server restarted.
3:04:06 PM [vite] (client) hmr update /src/screens/RecordScreen.tsx
3:04:34 PM [vite] (client) hmr update /src/screens/RecordScreen.tsx
3:05:03 PM [vite] (client) hmr update /src/screens/RecordScreen.tsx
3:05:03 PM [vite] Internal server error: Failed to resolve import "../components/EgoBurst" from "src/screens/RecordScreen.tsx". Does the file exist?
  Plugin: vite:import-analysis
  File: /Users/sergio/aura-apps/apps/farm-capacitor/src/screens/RecordScreen.tsx:2:25
  17 |  var _s = $RefreshSig$();
  18 |  import { useCallback, useEffect, useRef, useState } from "react";
  19 |  import { EgoBurst } from "../components/EgoBurst";
     |                            ^
  20 |  import { GameHUD } from "../components/GameHUD";
  21 |  import { LoadingOverlay } from "../components/LoadingOverlay";
      at TransformPluginContext._formatLog (file:///Users/sergio/aura-apps/node_modules/.pnpm/vite@6.4.3_@types+node@26.1.1_lightningcss@1.33.0_terser@5.49.0_tsx@4.23.1/node_modules/vite/dist/node/chunks/dep-Dm0c1Wj2.js:42658:41)
      at TransformPluginContext.error (file:///Users/sergio/aura-apps/node_modules/.pnpm/vite@6.4.3_@types+node@26.1.1_lightningcss@1.33.0_terser@5.49.0_tsx@4.23.1/node_modules/vite/dist/node/chunks/dep-Dm0c1Wj2.js:42655:16)
      at normalizeUrl (file:///Users/sergio/aura-apps/node_modules/.pnpm/vite@6.4.3_@types+node@26.1.1_lightningcss@1.33.0_terser@5.49.0_tsx@4.23.1/node_modules/vite/dist/node/chunks/dep-Dm0c1Wj2.js:40634:23)
      at process.processTicksAndRejections (node:internal/process/task_queues:104:5)
      at async file:///Users/sergio/aura-apps/node_modules/.pnpm/vite@6.4.3_@types+node@26.1.1_lightningcss@1.33.0_terser@5.49.0_tsx@4.23.1/node_modules/vite/dist/node/chunks/dep-Dm0c1Wj2.js:40753:37
      at async Promise.all (index 4)
      at async TransformPluginContext.transform (file:///Users/sergio/aura-apps/node_modules/.pnpm/vite@6.4.3_@types+node@26.1.1_lightningcss@1.33.0_terser@5.49.0_tsx@4.23.1/node_modules/vite/dist/node/chunks/dep-Dm0c1Wj2.js:40680:7)
      at async EnvironmentPluginContainer.transform (file:///Users/sergio/aura-apps/node_modules/.pnpm/vite@6.4.3_@types+node@26.1.1_lightningcss@1.33.0_terser@5.49.0_tsx@4.23.1/node_modules/vite/dist/node/chunks/dep-Dm0c1Wj2.js:42453:18)
      at async loadAndTransform (file:///Users/sergio/aura-apps/node_modules/.pnpm/vite@6.4.3_@types+node@26.1.1_lightningcss@1.33.0_terser@5.49.0_tsx@4.23.1/node_modules/vite/dist/node/chunks/dep-Dm0c1Wj2.js:35845:27)
      at async viteTransformMiddleware (file:///Users/sergio/aura-apps/node_modules/.pnpm/vite@6.4.3_@types+node@26.1.1_lightningcss@1.33.0_terser@5.49.0_tsx@4.23.1/node_modules/vite/dist/node/chunks/dep-Dm0c1Wj2.js:37369:24)
3:05:03 PM [vite] Internal server error: Failed to resolve import "../components/EgoBurst" from "src/screens/RecordScreen.tsx". Does the file exist?
  Plugin: vite:import-analysis
  File: /Users/sergio/aura-apps/apps/farm-capacitor/src/screens/RecordScreen.tsx:2:25
  17 |  var _s = $RefreshSig$();
  18 |  import { useCallback, useEffect, useRef, useState } from "react";
  19 |  import { EgoBurst } from "../components/EgoBurst";
     |                            ^
  20 |  import { GameHUD } from "../components/GameHUD";
  21 |  import { LoadingOverlay } from "../components/LoadingOverlay";
      at TransformPluginContext._formatLog (file:///Users/sergio/aura-apps/node_modules/.pnpm/vite@6.4.3_@types+node@26.1.1_lightningcss@1.33.0_terser@5.49.0_tsx@4.23.1/node_modules/vite/dist/node/chunks/dep-Dm0c1Wj2.js:42658:41)
      at TransformPluginContext.error (file:///Users/sergio/aura-apps/node_modules/.pnpm/vite@6.4.3_@types+node@26.1.1_lightningcss@1.33.0_terser@5.49.0_tsx@4.23.1/node_modules/vite/dist/node/chunks/dep-Dm0c1Wj2.js:42655:16)
      at normalizeUrl (file:///Users/sergio/aura-apps/node_modules/.pnpm/vite@6.4.3_@types+node@26.1.1_lightningcss@1.33.0_terser@5.49.0_tsx@4.23.1/node_modules/vite/dist/node/chunks/dep-Dm0c1Wj2.js:40634:23)
      at process.processTicksAndRejections (node:internal/process/task_queues:104:5)
      at async file:///Users/sergio/aura-apps/node_modules/.pnpm/vite@6.4.3_@types+node@26.1.1_lightningcss@1.33.0_terser@5.49.0_tsx@4.23.1/node_modules/vite/dist/node/chunks/dep-Dm0c1Wj2.js:40753:37
      at async Promise.all (index 4)
      at async TransformPluginContext.transform (file:///Users/sergio/aura-apps/node_modules/.pnpm/vite@6.4.3_@types+node@26.1.1_lightningcss@1.33.0_terser@5.49.0_tsx@4.23.1/node_modules/vite/dist/node/chunks/dep-Dm0c1Wj2.js:40680:7)
      at async EnvironmentPluginContainer.transform (file:///Users/sergio/aura-apps/node_modules/.pnpm/vite@6.4.3_@types+node@26.1.1_lightningcss@1.33.0_terser@5.49.0_tsx@4.23.1/node_modules/vite/dist/node/chunks/dep-Dm0c1Wj2.js:42453:18)
      at async loadAndTransform (file:///Users/sergio/aura-apps/node_modules/.pnpm/vite@6.4.3_@types+node@26.1.1_lightningcss@1.33.0_terser@5.49.0_tsx@4.23.1/node_modules/vite/dist/node/chunks/dep-Dm0c1Wj2.js:35845:27)
      at async viteTransformMiddleware (file:///Users/sergio/aura-apps/node_modules/.pnpm/vite@6.4.3_@types+node@26.1.1_lightningcss@1.33.0_terser@5.49.0_tsx@4.23.1/node_modules/vite/dist/node/chunks/dep-Dm0c1Wj2.js:37369:24)
3:05:19 PM [vite] (client) hmr update /src/App.tsx
3:05:34 PM [vite] (client) hmr update /src/components/GameHUD.tsx
3:05:38 PM [vite] (client) hmr update /src/components/LevelUpCelebration.tsx
3:05:54 PM [vite] (client) hmr update /src/screens/RecordScreen.tsx
3:05:55 PM [vite] Internal server error: /Users/sergio/aura-apps/apps/farm-capacitor/src/screens/RecordScreen.tsx: Unexpected token (81:2)

  79 |     }),
  80 |     [],
> 81 |   const deviceFingerprint = useDeviceFingerprint();
     |   ^
  82 |   const { endSession } = useFarmWebSocket(
  83 |     userId,
  84 |     targetUserId,
  Plugin: vite:react-babel
  File: /Users/sergio/aura-apps/apps/farm-capacitor/src/screens/RecordScreen.tsx:81:2
  79 |      }),
  80 |      [],
  81 |    const deviceFingerprint = useDeviceFingerprint();
     |    ^
  82 |    const { endSession } = useFarmWebSocket(
  83 |      userId,
      at constructor (/Users/sergio/aura-apps/node_modules/.pnpm/@babel+parser@7.29.7/node_modules/@babel/parser/lib/index.js:365:19)
      at TypeScriptParserMixin.raise (/Users/sergio/aura-apps/node_modules/.pnpm/@babel+parser@7.29.7/node_modules/@babel/parser/lib/index.js:6616:19)
      at TypeScriptParserMixin.unexpected (/Users/sergio/aura-apps/node_modules/.pnpm/@babel+parser@7.29.7/node_modules/@babel/parser/lib/index.js:6636:16)
      at TypeScriptParserMixin.parseExprAtom (/Users/sergio/aura-apps/node_modules/.pnpm/@babel+parser@7.29.7/node_modules/@babel/parser/lib/index.js:11459:22)
      at TypeScriptParserMixin.parseExprAtom (/Users/sergio/aura-apps/node_modules/.pnpm/@babel+parser@7.29.7/node_modules/@babel/parser/lib/index.js:4776:20)
      at TypeScriptParserMixin.parseExprSubscripts (/Users/sergio/aura-apps/node_modules/.pnpm/@babel+parser@7.29.7/node_modules/@babel/parser/lib/index.js:11098:23)
      at TypeScriptParserMixin.parseUpdate (/Users/sergio/aura-apps/node_modules/.pnpm/@babel+parser@7.29.7/node_modules/@babel/parser/lib/index.js:11083:21)
      at TypeScriptParserMixin.parseMaybeUnary (/Users/sergio/aura-apps/node_modules/.pnpm/@babel+parser@7.29.7/node_modules/@babel/parser/lib/index.js:11063:23)
      at TypeScriptParserMixin.parseMaybeUnary (/Users/sergio/aura-apps/node_modules/.pnpm/@babel+parser@7.29.7/node_modules/@babel/parser/lib/index.js:9854:18)
      at TypeScriptParserMixin.parseMaybeUnaryOrPrivate (/Users/sergio/aura-apps/node_modules/.pnpm/@babel+parser@7.29.7/node_modules/@babel/parser/lib/index.js:10916:61)
      at TypeScriptParserMixin.parseExprOps (/Users/sergio/aura-apps/node_modules/.pnpm/@babel+parser@7.29.7/node_modules/@babel/parser/lib/index.js:10921:23)
      at TypeScriptParserMixin.parseMaybeConditional (/Users/sergio/aura-apps/node_modules/.pnpm/@babel+parser@7.29.7/node_modules/@babel/parser/lib/index.js:10898:23)
      at TypeScriptParserMixin.parseMaybeAssign (/Users/sergio/aura-apps/node_modules/.pnpm/@babel+parser@7.29.7/node_modules/@babel/parser/lib/index.js:10848:21)
      at TypeScriptParserMixin.parseMaybeAssign (/Users/sergio/aura-apps/node_modules/.pnpm/@babel+parser@7.29.7/node_modules/@babel/parser/lib/index.js:9803:20)
      at /Users/sergio/aura-apps/node_modules/.pnpm/@babel+parser@7.29.7/node_modules/@babel/parser/lib/index.js:10817:39
      at TypeScriptParserMixin.allowInAnd (/Users/sergio/aura-apps/node_modules/.pnpm/@babel+parser@7.29.7/node_modules/@babel/parser/lib/index.js:12443:12)
      at TypeScriptParserMixin.parseMaybeAssignAllowIn (/Users/sergio/aura-apps/node_modules/.pnpm/@babel+parser@7.29.7/node_modules/@babel/parser/lib/index.js:10817:17)
      at TypeScriptParserMixin.parseMaybeAssignAllowInOrVoidPattern (/Users/sergio/aura-apps/node_modules/.pnpm/@babel+parser@7.29.7/node_modules/@babel/parser/lib/index.js:12510:17)
      at TypeScriptParserMixin.parseExprListItem (/Users/sergio/aura-apps/node_modules/.pnpm/@babel+parser@7.29.7/node_modules/@babel/parser/lib/index.js:12192:18)
      at TypeScriptParserMixin.parseCallExpressionArguments (/Users/sergio/aura-apps/node_modules/.pnpm/@babel+parser@7.29.7/node_modules/@babel/parser/lib/index.js:11269:22)
      at TypeScriptParserMixin.parseCoverCallAndAsyncArrowHead (/Users/sergio/aura-apps/node_modules/.pnpm/@babel+parser@7.29.7/node_modules/@babel/parser/lib/index.js:11203:29)
      at TypeScriptParserMixin.parseSubscript (/Users/sergio/aura-apps/node_modules/.pnpm/@babel+parser@7.29.7/node_modules/@babel/parser/lib/index.js:11137:19)
      at TypeScriptParserMixin.parseSubscript (/Users/sergio/aura-apps/node_modules/.pnpm/@babel+parser@7.29.7/node_modules/@babel/parser/lib/index.js:9289:18)
      at TypeScriptParserMixin.parseSubscripts (/Users/sergio/aura-apps/node_modules/.pnpm/@babel+parser@7.29.7/node_modules/@babel/parser/lib/index.js:11111:19)
      at TypeScriptParserMixin.parseExprSubscripts (/Users/sergio/aura-apps/node_modules/.pnpm/@babel+parser@7.29.7/node_modules/@babel/parser/lib/index.js:11102:17)
      at TypeScriptParserMixin.parseUpdate (/Users/sergio/aura-apps/node_modules/.pnpm/@babel+parser@7.29.7/node_modules/@babel/parser/lib/index.js:11083:21)
      at TypeScriptParserMixin.parseMaybeUnary (/Users/sergio/aura-apps/node_modules/.pnpm/@babel+parser@7.29.7/node_modules/@babel/parser/lib/index.js:11063:23)
      at TypeScriptParserMixin.parseMaybeUnary (/Users/sergio/aura-apps/node_modules/.pnpm/@babel+parser@7.29.7/node_modules/@babel/parser/lib/index.js:9854:18)
      at TypeScriptParserMixin.parseMaybeUnaryOrPrivate (/Users/sergio/aura-apps/node_modules/.pnpm/@babel+parser@7.29.7/node_modules/@babel/parser/lib/index.js:10916:61)
      at TypeScriptParserMixin.parseExprOps (/Users/sergio/aura-apps/node_modules/.pnpm/@babel+parser@7.29.7/node_modules/@babel/parser/lib/index.js:10921:23)
      at TypeScriptParserMixin.parseMaybeConditional (/Users/sergio/aura-apps/node_modules/.pnpm/@babel+parser@7.29.7/node_modules/@babel/parser/lib/index.js:10898:23)
      at TypeScriptParserMixin.parseMaybeAssign (/Users/sergio/aura-apps/node_modules/.pnpm/@babel+parser@7.29.7/node_modules/@babel/parser/lib/index.js:10848:21)
      at TypeScriptParserMixin.parseMaybeAssign (/Users/sergio/aura-apps/node_modules/.pnpm/@babel+parser@7.29.7/node_modules/@babel/parser/lib/index.js:9803:20)
      at /Users/sergio/aura-apps/node_modules/.pnpm/@babel+parser@7.29.7/node_modules/@babel/parser/lib/index.js:10817:39
      at TypeScriptParserMixin.allowInAnd (/Users/sergio/aura-apps/node_modules/.pnpm/@babel+parser@7.29.7/node_modules/@babel/parser/lib/index.js:12438:16)
      at TypeScriptParserMixin.parseMaybeAssignAllowIn (/Users/sergio/aura-apps/node_modules/.pnpm/@babel+parser@7.29.7/node_modules/@babel/parser/lib/index.js:10817:17)
      at TypeScriptParserMixin.parseVar (/Users/sergio/aura-apps/node_modules/.pnpm/@babel+parser@7.29.7/node_modules/@babel/parser/lib/index.js:13401:91)
      at TypeScriptParserMixin.parseVarStatement (/Users/sergio/aura-apps/node_modules/.pnpm/@babel+parser@7.29.7/node_modules/@babel/parser/lib/index.js:13247:10)
      at TypeScriptParserMixin.parseVarStatement (/Users/sergio/aura-apps/node_modules/.pnpm/@babel+parser@7.29.7/node_modules/@babel/parser/lib/index.js:9425:31)
      at TypeScriptParserMixin.parseStatementContent (/Users/sergio/aura-apps/node_modules/.pnpm/@babel+parser@7.29.7/node_modules/@babel/parser/lib/index.js:12868:23)
      at TypeScriptParserMixin.parseStatementContent (/Users/sergio/aura-apps/node_modules/.pnpm/@babel+parser@7.29.7/node_modules/@babel/parser/lib/index.js:9525:18)
      at TypeScriptParserMixin.parseStatementLike (/Users/sergio/aura-apps/node_modules/.pnpm/@babel+parser@7.29.7/node_modules/@babel/parser/lib/index.js:12784:17)
      at TypeScriptParserMixin.parseStatementListItem (/Users/sergio/aura-apps/node_modules/.pnpm/@babel+parser@7.29.7/node_modules/@babel/parser/lib/index.js:12764:17)
      at TypeScriptParserMixin.parseBlockOrModuleBlockBody (/Users/sergio/aura-apps/node_modules/.pnpm/@babel+parser@7.29.7/node_modules/@babel/parser/lib/index.js:13333:61)
      at TypeScriptParserMixin.parseBlockBody (/Users/sergio/aura-apps/node_modules/.pnpm/@babel+parser@7.29.7/node_modules/@babel/parser/lib/index.js:13326:10)
      at TypeScriptParserMixin.parseBlock (/Users/sergio/aura-apps/node_modules/.pnpm/@babel+parser@7.29.7/node_modules/@babel/parser/lib/index.js:13314:10)
      at TypeScriptParserMixin.parseFunctionBody (/Users/sergio/aura-apps/node_modules/.pnpm/@babel+parser@7.29.7/node_modules/@babel/parser/lib/index.js:12117:24)
      at TypeScriptParserMixin.parseFunctionBodyAndFinish (/Users/sergio/aura-apps/node_modules/.pnpm/@babel+parser@7.29.7/node_modules/@babel/parser/lib/index.js:12103:10)
      at TypeScriptParserMixin.parseFunctionBodyAndFinish (/Users/sergio/aura-apps/node_modules/.pnpm/@babel+parser@7.29.7/node_modules/@babel/parser/lib/index.js:9189:18)
      at /Users/sergio/aura-apps/node_modules/.pnpm/@babel+parser@7.29.7/node_modules/@babel/parser/lib/index.js:13462:12
3:05:55 PM [vite] Internal server error: /Users/sergio/aura-apps/apps/farm-capacitor/src/screens/RecordScreen.tsx: Unexpected token (81:2)

  79 |     }),
  80 |     [],
> 81 |   const deviceFingerprint = useDeviceFingerprint();
     |   ^
  82 |   const { endSession } = useFarmWebSocket(
  83 |     userId,
  84 |     targetUserId,
  Plugin: vite:react-babel
  File: /Users/sergio/aura-apps/apps/farm-capacitor/src/screens/RecordScreen.tsx:81:2
  79 |      }),
  80 |      [],
  81 |    const deviceFingerprint = useDeviceFingerprint();
     |    ^
  82 |    const { endSession } = useFarmWebSocket(
  83 |      userId,
      at constructor (/Users/sergio/aura-apps/node_modules/.pnpm/@babel+parser@7.29.7/node_modules/@babel/parser/lib/index.js:365:19)
      at TypeScriptParserMixin.raise (/Users/sergio/aura-apps/node_modules/.pnpm/@babel+parser@7.29.7/node_modules/@babel/parser/lib/index.js:6616:19)
      at TypeScriptParserMixin.unexpected (/Users/sergio/aura-apps/node_modules/.pnpm/@babel+parser@7.29.7/node_modules/@babel/parser/lib/index.js:6636:16)
      at TypeScriptParserMixin.parseExprAtom (/Users/sergio/aura-apps/node_modules/.pnpm/@babel+parser@7.29.7/node_modules/@babel/parser/lib/index.js:11459:22)
      at TypeScriptParserMixin.parseExprAtom (/Users/sergio/aura-apps/node_modules/.pnpm/@babel+parser@7.29.7/node_modules/@babel/parser/lib/index.js:4776:20)
      at TypeScriptParserMixin.parseExprSubscripts (/Users/sergio/aura-apps/node_modules/.pnpm/@babel+parser@7.29.7/node_modules/@babel/parser/lib/index.js:11098:23)
      at TypeScriptParserMixin.parseUpdate (/Users/sergio/aura-apps/node_modules/.pnpm/@babel+parser@7.29.7/node_modules/@babel/parser/lib/index.js:11083:21)
      at TypeScriptParserMixin.parseMaybeUnary (/Users/sergio/aura-apps/node_modules/.pnpm/@babel+parser@7.29.7/node_modules/@babel/parser/lib/index.js:11063:23)
      at TypeScriptParserMixin.parseMaybeUnary (/Users/sergio/aura-apps/node_modules/.pnpm/@babel+parser@7.29.7/node_modules/@babel/parser/lib/index.js:9854:18)
      at TypeScriptParserMixin.parseMaybeUnaryOrPrivate (/Users/sergio/aura-apps/node_modules/.pnpm/@babel+parser@7.29.7/node_modules/@babel/parser/lib/index.js:10916:61)
      at TypeScriptParserMixin.parseExprOps (/Users/sergio/aura-apps/node_modules/.pnpm/@babel+parser@7.29.7/node_modules/@babel/parser/lib/index.js:10921:23)
      at TypeScriptParserMixin.parseMaybeConditional (/Users/sergio/aura-apps/node_modules/.pnpm/@babel+parser@7.29.7/node_modules/@babel/parser/lib/index.js:10898:23)
      at TypeScriptParserMixin.parseMaybeAssign (/Users/sergio/aura-apps/node_modules/.pnpm/@babel+parser@7.29.7/node_modules/@babel/parser/lib/index.js:10848:21)
      at TypeScriptParserMixin.parseMaybeAssign (/Users/sergio/aura-apps/node_modules/.pnpm/@babel+parser@7.29.7/node_modules/@babel/parser/lib/index.js:9803:20)
      at /Users/sergio/aura-apps/node_modules/.pnpm/@babel+parser@7.29.7/node_modules/@babel/parser/lib/index.js:10817:39
      at TypeScriptParserMixin.allowInAnd (/Users/sergio/aura-apps/node_modules/.pnpm/@babel+parser@7.29.7/node_modules/@babel/parser/lib/index.js:12443:12)
      at TypeScriptParserMixin.parseMaybeAssignAllowIn (/Users/sergio/aura-apps/node_modules/.pnpm/@babel+parser@7.29.7/node_modules/@babel/parser/lib/index.js:10817:17)
      at TypeScriptParserMixin.parseMaybeAssignAllowInOrVoidPattern (/Users/sergio/aura-apps/node_modules/.pnpm/@babel+parser@7.29.7/node_modules/@babel/parser/lib/index.js:12510:17)
      at TypeScriptParserMixin.parseExprListItem (/Users/sergio/aura-apps/node_modules/.pnpm/@babel+parser@7.29.7/node_modules/@babel/parser/lib/index.js:12192:18)
      at TypeScriptParserMixin.parseCallExpressionArguments (/Users/sergio/aura-apps/node_modules/.pnpm/@babel+parser@7.29.7/node_modules/@babel/parser/lib/index.js:11269:22)
      at TypeScriptParserMixin.parseCoverCallAndAsyncArrowHead (/Users/sergio/aura-apps/node_modules/.pnpm/@babel+parser@7.29.7/node_modules/@babel/parser/lib/index.js:11203:29)
      at TypeScriptParserMixin.parseSubscript (/Users/sergio/aura-apps/node_modules/.pnpm/@babel+parser@7.29.7/node_modules/@babel/parser/lib/index.js:11137:19)
      at TypeScriptParserMixin.parseSubscript (/Users/sergio/aura-apps/node_modules/.pnpm/@babel+parser@7.29.7/node_modules/@babel/parser/lib/index.js:9289:18)
      at TypeScriptParserMixin.parseSubscripts (/Users/sergio/aura-apps/node_modules/.pnpm/@babel+parser@7.29.7/node_modules/@babel/parser/lib/index.js:11111:19)
      at TypeScriptParserMixin.parseExprSubscripts (/Users/sergio/aura-apps/node_modules/.pnpm/@babel+parser@7.29.7/node_modules/@babel/parser/lib/index.js:11102:17)
      at TypeScriptParserMixin.parseUpdate (/Users/sergio/aura-apps/node_modules/.pnpm/@babel+parser@7.29.7/node_modules/@babel/parser/lib/index.js:11083:21)
      at TypeScriptParserMixin.parseMaybeUnary (/Users/sergio/aura-apps/node_modules/.pnpm/@babel+parser@7.29.7/node_modules/@babel/parser/lib/index.js:11063:23)
      at TypeScriptParserMixin.parseMaybeUnary (/Users/sergio/aura-apps/node_modules/.pnpm/@babel+parser@7.29.7/node_modules/@babel/parser/lib/index.js:9854:18)
      at TypeScriptParserMixin.parseMaybeUnaryOrPrivate (/Users/sergio/aura-apps/node_modules/.pnpm/@babel+parser@7.29.7/node_modules/@babel/parser/lib/index.js:10916:61)
      at TypeScriptParserMixin.parseExprOps (/Users/sergio/aura-apps/node_modules/.pnpm/@babel+parser@7.29.7/node_modules/@babel/parser/lib/index.js:10921:23)
      at TypeScriptParserMixin.parseMaybeConditional (/Users/sergio/aura-apps/node_modules/.pnpm/@babel+parser@7.29.7/node_modules/@babel/parser/lib/index.js:10898:23)
      at TypeScriptParserMixin.parseMaybeAssign (/Users/sergio/aura-apps/node_modules/.pnpm/@babel+parser@7.29.7/node_modules/@babel/parser/lib/index.js:10848:21)
      at TypeScriptParserMixin.parseMaybeAssign (/Users/sergio/aura-apps/node_modules/.pnpm/@babel+parser@7.29.7/node_modules/@babel/parser/lib/index.js:9803:20)
      at /Users/sergio/aura-apps/node_modules/.pnpm/@babel+parser@7.29.7/node_modules/@babel/parser/lib/index.js:10817:39
      at TypeScriptParserMixin.allowInAnd (/Users/sergio/aura-apps/node_modules/.pnpm/@babel+parser@7.29.7/node_modules/@babel/parser/lib/index.js:12438:16)
      at TypeScriptParserMixin.parseMaybeAssignAllowIn (/Users/sergio/aura-apps/node_modules/.pnpm/@babel+parser@7.29.7/node_modules/@babel/parser/lib/index.js:10817:17)
      at TypeScriptParserMixin.parseVar (/Users/sergio/aura-apps/node_modules/.pnpm/@babel+parser@7.29.7/node_modules/@babel/parser/lib/index.js:13401:91)
      at TypeScriptParserMixin.parseVarStatement (/Users/sergio/aura-apps/node_modules/.pnpm/@babel+parser@7.29.7/node_modules/@babel/parser/lib/index.js:13247:10)
      at TypeScriptParserMixin.parseVarStatement (/Users/sergio/aura-apps/node_modules/.pnpm/@babel+parser@7.29.7/node_modules/@babel/parser/lib/index.js:9425:31)
      at TypeScriptParserMixin.parseStatementContent (/Users/sergio/aura-apps/node_modules/.pnpm/@babel+parser@7.29.7/node_modules/@babel/parser/lib/index.js:12868:23)
      at TypeScriptParserMixin.parseStatementContent (/Users/sergio/aura-apps/node_modules/.pnpm/@babel+parser@7.29.7/node_modules/@babel/parser/lib/index.js:9525:18)
      at TypeScriptParserMixin.parseStatementLike (/Users/sergio/aura-apps/node_modules/.pnpm/@babel+parser@7.29.7/node_modules/@babel/parser/lib/index.js:12784:17)
      at TypeScriptParserMixin.parseStatementListItem (/Users/sergio/aura-apps/node_modules/.pnpm/@babel+parser@7.29.7/node_modules/@babel/parser/lib/index.js:12764:17)
      at TypeScriptParserMixin.parseBlockOrModuleBlockBody (/Users/sergio/aura-apps/node_modules/.pnpm/@babel+parser@7.29.7/node_modules/@babel/parser/lib/index.js:13333:61)
      at TypeScriptParserMixin.parseBlockBody (/Users/sergio/aura-apps/node_modules/.pnpm/@babel+parser@7.29.7/node_modules/@babel/parser/lib/index.js:13326:10)
      at TypeScriptParserMixin.parseBlock (/Users/sergio/aura-apps/node_modules/.pnpm/@babel+parser@7.29.7/node_modules/@babel/parser/lib/index.js:13314:10)
      at TypeScriptParserMixin.parseFunctionBody (/Users/sergio/aura-apps/node_modules/.pnpm/@babel+parser@7.29.7/node_modules/@babel/parser/lib/index.js:12117:24)
      at TypeScriptParserMixin.parseFunctionBodyAndFinish (/Users/sergio/aura-apps/node_modules/.pnpm/@babel+parser@7.29.7/node_modules/@babel/parser/lib/index.js:12103:10)
      at TypeScriptParserMixin.parseFunctionBodyAndFinish (/Users/sergio/aura-apps/node_modules/.pnpm/@babel+parser@7.29.7/node_modules/@babel/parser/lib/index.js:9189:18)
      at /Users/sergio/aura-apps/node_modules/.pnpm/@babel+parser@7.29.7/node_modules/@babel/parser/lib/index.js:13462:12
3:06:26 PM [vite] (client) hmr update /src/screens/RecordScreen.tsx
3:06:33 PM [vite] (client) hmr update /src/screens/RecordScreen.tsx
3:46:39 PM [vite] (client) hmr update /src/components/EgoBurst.tsx
3:46:47 PM [vite] (client) hmr update /src/components/EgoBurst.tsx
4:28:05 PM [vite] (client) hmr update /src/screens/RecordScreen.tsx
4:34:52 PM [vite] (client) hmr update /src/screens/RecordScreen.tsx
4:38:28 PM [vite] (client) hmr update /src/screens/RecordScreen.tsx
4:38:29 PM [vite] (client) hmr update /src/screens/RecordScreen.tsx
4:38:59 PM [vite] (client) hmr update /src/screens/RecordScreen.tsx
4:39:00 PM [vite] (client) hmr update /src/screens/RecordScreen.tsx
4:39:27 PM [vite] (client) hmr update /src/screens/RecordScreen.tsx
4:50:34 PM [vite] (client) hmr update /src/screens/RecordScreen.tsx
4:50:37 PM [vite] (client) hmr update /src/screens/RecordScreen.tsx
4:50:37 PM [vite] (client) hmr update /src/components/EgoBurst.tsx
4:55:58 PM [vite] (client) hmr update /src/screens/RecordScreen.tsx
4:55:58 PM [vite] (client) ✨ new dependencies optimized: zustand
4:55:58 PM [vite] (client) ✨ optimized dependencies changed. reloading
4:57:07 PM [vite] (client) hmr update /src/screens/RecordScreen.tsx
4:57:20 PM [vite] (client) hmr update /src/screens/RecordScreen.tsx
4:57:23 PM [vite] (client) hmr update /src/screens/RecordScreen.tsx
4:57:26 PM [vite] (client) hmr update /src/screens/RecordScreen.tsx
4:57:33 PM [vite] (client) hmr update /src/screens/RecordScreen.tsx
4:58:15 PM [vite] (client) hmr update /src/components/TuningPanel.tsx
4:58:18 PM [vite] (client) hmr update /src/components/TuningPanel.tsx
5:05:11 PM [vite] (client) hmr update /src/screens/RecordScreen.tsx
5:05:11 PM [vite] (client) hmr update /src/screens/RecordScreen.tsx
5:05:57 PM [vite] (client) hmr update /src/screens/RecordScreen.tsx
5:06:07 PM [vite] (client) hmr update /src/screens/RecordScreen.tsx
9:51:05 PM [vite] (client) hmr update /src/screens/RecordScreen.tsx
9:51:17 PM [vite] (client) hmr update /src/screens/RecordScreen.tsx
9:58:59 PM [vite] (client) hmr update /src/screens/RecordScreen.tsx, /src/components/TuningPanel.tsx
9:59:04 PM [vite] (client) hmr update /src/screens/RecordScreen.tsx, /src/components/TuningPanel.tsx
9:59:08 PM [vite] (client) hmr update /src/screens/RecordScreen.tsx, /src/components/TuningPanel.tsx
9:59:18 PM [vite] (client) hmr update /src/screens/RecordScreen.tsx, /src/components/TuningPanel.tsx
9:59:27 PM [vite] (client) hmr update /src/screens/RecordScreen.tsx, /src/components/TuningPanel.tsx
9:59:35 PM [vite] (client) hmr update /src/screens/RecordScreen.tsx
9:59:42 PM [vite] (client) hmr update /src/screens/RecordScreen.tsx
9:59:43 PM [vite] (client) hmr update /src/screens/RecordScreen.tsx
9:59:47 PM [vite] (client) hmr update /src/components/TuningPanel.tsx
9:59:50 PM [vite] (client) hmr update /src/components/TuningPanel.tsx
10:00:00 PM [vite] (client) hmr update /src/components/TuningPanel.tsx
10:00:05 PM [vite] (client) hmr update /src/components/TuningPanel.tsx
10:00:26 PM [vite] (client) hmr update /src/screens/RecordScreen.tsx, /src/components/TuningPanel.tsx
10:00:37 PM [vite] (client) hmr update /src/screens/RecordScreen.tsx, /src/components/TuningPanel.tsx
10:00:46 PM [vite] (client) hmr update /src/components/TuningPanel.tsx
10:00:53 PM [vite] (client) hmr update /src/components/TuningPanel.tsx
10:00:57 PM [vite] (client) hmr update /src/components/TuningPanel.tsx
10:09:44 PM [vite] (client) hmr update /src/screens/RecordScreen.tsx, /src/components/TuningPanel.tsx
10:09:51 PM [vite] (client) hmr update /src/screens/RecordScreen.tsx, /src/components/TuningPanel.tsx
10:09:58 PM [vite] (client) hmr update /src/screens/RecordScreen.tsx
10:10:08 PM [vite] (client) hmr update /src/screens/RecordScreen.tsx
10:10:24 PM [vite] (client) hmr update /src/components/EgoBurst.tsx
10:10:24 PM [vite] (client) hmr invalidate /src/components/EgoBurst.tsx Could not Fast Refresh (new export)
10:10:24 PM [vite] (client) hmr update /src/screens/RecordScreen.tsx
10:10:31 PM [vite] (client) hmr update /src/screens/RecordScreen.tsx
10:10:32 PM [vite] (client) hmr update /src/screens/RecordScreen.tsx
10:10:34 PM [vite] (client) hmr update /src/screens/RecordScreen.tsx
10:10:40 PM [vite] (client) hmr update /src/screens/RecordScreen.tsx
10:10:42 PM [vite] (client) hmr update /src/screens/RecordScreen.tsx
10:10:49 PM [vite] (client) hmr update /src/screens/RecordScreen.tsx
10:10:57 PM [vite] (client) hmr update /src/components/DebugPanel.tsx
10:10:58 PM [vite] (client) hmr update /src/components/DebugPanel.tsx
10:11:27 PM [vite] (client) hmr update /src/components/TuningPanel.tsx
10:11:37 PM [vite] (client) hmr update /src/screens/RecordScreen.tsx
10:11:38 PM [vite] (client) hmr update /src/screens/RecordScreen.tsx
10:21:09 PM [vite] (client) hmr update /src/screens/RecordScreen.tsx
10:21:14 PM [vite] (client) hmr update /src/screens/RecordScreen.tsx
10:21:29 PM [vite] (client) hmr update /src/screens/RecordScreen.tsx
10:21:38 PM [vite] (client) hmr update /src/screens/RecordScreen.tsx
10:21:39 PM [vite] (client) hmr update /src/screens/RecordScreen.tsx
10:21:48 PM [vite] (client) hmr update /src/screens/RecordScreen.tsx
10:22:20 PM [vite] (client) hmr update /src/screens/RecordScreen.tsx
10:22:20 PM [vite] (client) hmr update /src/screens/RecordScreen.tsx
10:22:23 PM [vite] (client) hmr update /src/screens/RecordScreen.tsx
10:22:37 PM [vite] (client) hmr update /src/screens/RecordScreen.tsx
10:22:44 PM [vite] (client) hmr update /src/screens/RecordScreen.tsx
10:22:53 PM [vite] (client) hmr update /src/screens/RecordScreen.tsx
10:23:04 PM [vite] (client) hmr update /src/screens/RecordScreen.tsx
10:23:26 PM [vite] (client) hmr update /src/screens/RecordScreen.tsx
10:23:33 PM [vite] (client) hmr update /src/screens/RecordScreen.tsx
10:23:33 PM [vite] Internal server error: /Users/sergio/aura-apps/apps/farm-capacitor/src/screens/RecordScreen.tsx: Adjacent JSX elements must be wrapped in an enclosing tag. Did you want a JSX fragment <>...</>? (834:12)

  832 |                 ))}
  833 |               </div>
> 834 |             </div>
      |             ^
  835 |             <button
  836 |               onClick={() => {
  837 |                 const json = JSON.stringify(validation, null, 2);
  Plugin: vite:react-babel
  File: /Users/sergio/aura-apps/apps/farm-capacitor/src/screens/RecordScreen.tsx:834:12
  832|                  ))}
  833|                </div>
  834|              </div>
     |              ^
  835|              <button
  836|                onClick={() => {
      at constructor (/Users/sergio/aura-apps/node_modules/.pnpm/@babel+parser@7.29.7/node_modules/@babel/parser/lib/index.js:365:19)
      at TypeScriptParserMixin.raise (/Users/sergio/aura-apps/node_modules/.pnpm/@babel+parser@7.29.7/node_modules/@babel/parser/lib/index.js:6616:19)
      at TypeScriptParserMixin.jsxParseElementAt (/Users/sergio/aura-apps/node_modules/.pnpm/@babel+parser@7.29.7/node_modules/@babel/parser/lib/index.js:4754:18)
      at TypeScriptParserMixin.jsxParseElement (/Users/sergio/aura-apps/node_modules/.pnpm/@babel+parser@7.29.7/node_modules/@babel/parser/lib/index.js:4761:17)
      at TypeScriptParserMixin.parseExprAtom (/Users/sergio/aura-apps/node_modules/.pnpm/@babel+parser@7.29.7/node_modules/@babel/parser/lib/index.js:4771:19)
      at TypeScriptParserMixin.parseExprSubscripts (/Users/sergio/aura-apps/node_modules/.pnpm/@babel+parser@7.29.7/node_modules/@babel/parser/lib/index.js:11098:23)
      at TypeScriptParserMixin.parseUpdate (/Users/sergio/aura-apps/node_modules/.pnpm/@babel+parser@7.29.7/node_modules/@babel/parser/lib/index.js:11083:21)
      at TypeScriptParserMixin.parseMaybeUnary (/Users/sergio/aura-apps/node_modules/.pnpm/@babel+parser@7.29.7/node_modules/@babel/parser/lib/index.js:11063:23)
      at TypeScriptParserMixin.parseMaybeUnary (/Users/sergio/aura-apps/node_modules/.pnpm/@babel+parser@7.29.7/node_modules/@babel/parser/lib/index.js:9854:18)
      at TypeScriptParserMixin.parseMaybeUnaryOrPrivate (/Users/sergio/aura-apps/node_modules/.pnpm/@babel+parser@7.29.7/node_modules/@babel/parser/lib/index.js:10916:61)
      at TypeScriptParserMixin.parseExprOps (/Users/sergio/aura-apps/node_modules/.pnpm/@babel+parser@7.29.7/node_modules/@babel/parser/lib/index.js:10921:23)
      at TypeScriptParserMixin.parseMaybeConditional (/Users/sergio/aura-apps/node_modules/.pnpm/@babel+parser@7.29.7/node_modules/@babel/parser/lib/index.js:10898:23)
      at TypeScriptParserMixin.parseMaybeAssign (/Users/sergio/aura-apps/node_modules/.pnpm/@babel+parser@7.29.7/node_modules/@babel/parser/lib/index.js:10848:21)
      at /Users/sergio/aura-apps/node_modules/.pnpm/@babel+parser@7.29.7/node_modules/@babel/parser/lib/index.js:9792:39
      at TypeScriptParserMixin.tryParse (/Users/sergio/aura-apps/node_modules/.pnpm/@babel+parser@7.29.7/node_modules/@babel/parser/lib/index.js:6924:20)
      at TypeScriptParserMixin.parseMaybeAssign (/Users/sergio/aura-apps/node_modules/.pnpm/@babel+parser@7.29.7/node_modules/@babel/parser/lib/index.js:9792:18)
      at /Users/sergio/aura-apps/node_modules/.pnpm/@babel+parser@7.29.7/node_modules/@babel/parser/lib/index.js:10817:39
      at TypeScriptParserMixin.allowInAnd (/Users/sergio/aura-apps/node_modules/.pnpm/@babel+parser@7.29.7/node_modules/@babel/parser/lib/index.js:12443:12)
      at TypeScriptParserMixin.parseMaybeAssignAllowIn (/Users/sergio/aura-apps/node_modules/.pnpm/@babel+parser@7.29.7/node_modules/@babel/parser/lib/index.js:10817:17)
      at TypeScriptParserMixin.parseMaybeAssignAllowInOrVoidPattern (/Users/sergio/aura-apps/node_modules/.pnpm/@babel+parser@7.29.7/node_modules/@babel/parser/lib/index.js:12510:17)
      at TypeScriptParserMixin.parseParenAndDistinguishExpression (/Users/sergio/aura-apps/node_modules/.pnpm/@babel+parser@7.29.7/node_modules/@babel/parser/lib/index.js:11692:28)
      at TypeScriptParserMixin.parseExprAtom (/Users/sergio/aura-apps/node_modules/.pnpm/@babel+parser@7.29.7/node_modules/@babel/parser/lib/index.js:11348:23)
      at TypeScriptParserMixin.parseExprAtom (/Users/sergio/aura-apps/node_modules/.pnpm/@babel+parser@7.29.7/node_modules/@babel/parser/lib/index.js:4776:20)
      at TypeScriptParserMixin.parseExprSubscripts (/Users/sergio/aura-apps/node_modules/.pnpm/@babel+parser@7.29.7/node_modules/@babel/parser/lib/index.js:11098:23)
      at TypeScriptParserMixin.parseUpdate (/Users/sergio/aura-apps/node_modules/.pnpm/@babel+parser@7.29.7/node_modules/@babel/parser/lib/index.js:11083:21)
      at TypeScriptParserMixin.parseMaybeUnary (/Users/sergio/aura-apps/node_modules/.pnpm/@babel+parser@7.29.7/node_modules/@babel/parser/lib/index.js:11063:23)
      at TypeScriptParserMixin.parseMaybeUnary (/Users/sergio/aura-apps/node_modules/.pnpm/@babel+parser@7.29.7/node_modules/@babel/parser/lib/index.js:9854:18)
      at TypeScriptParserMixin.parseMaybeUnaryOrPrivate (/Users/sergio/aura-apps/node_modules/.pnpm/@babel+parser@7.29.7/node_modules/@babel/parser/lib/index.js:10916:61)
      at TypeScriptParserMixin.parseExprOps (/Users/sergio/aura-apps/node_modules/.pnpm/@babel+parser@7.29.7/node_modules/@babel/parser/lib/index.js:10921:23)
      at TypeScriptParserMixin.parseMaybeConditional (/Users/sergio/aura-apps/node_modules/.pnpm/@babel+parser@7.29.7/node_modules/@babel/parser/lib/index.js:10898:23)
      at TypeScriptParserMixin.parseMaybeAssign (/Users/sergio/aura-apps/node_modules/.pnpm/@babel+parser@7.29.7/node_modules/@babel/parser/lib/index.js:10848:21)
      at TypeScriptParserMixin.parseMaybeAssign (/Users/sergio/aura-apps/node_modules/.pnpm/@babel+parser@7.29.7/node_modules/@babel/parser/lib/index.js:9803:20)
      at TypeScriptParserMixin.parseConditional (/Users/sergio/aura-apps/node_modules/.pnpm/@babel+parser@7.29.7/node_modules/@babel/parser/lib/index.js:10910:29)
      at TypeScriptParserMixin.parseConditional (/Users/sergio/aura-apps/node_modules/.pnpm/@babel+parser@7.29.7/node_modules/@babel/parser/lib/index.js:9620:18)
      at TypeScriptParserMixin.parseMaybeConditional (/Users/sergio/aura-apps/node_modules/.pnpm/@babel+parser@7.29.7/node_modules/@babel/parser/lib/index.js:10902:17)
      at TypeScriptParserMixin.parseMaybeAssign (/Users/sergio/aura-apps/node_modules/.pnpm/@babel+parser@7.29.7/node_modules/@babel/parser/lib/index.js:10848:21)
      at TypeScriptParserMixin.parseMaybeAssign (/Users/sergio/aura-apps/node_modules/.pnpm/@babel+parser@7.29.7/node_modules/@babel/parser/lib/index.js:9803:20)
      at TypeScriptParserMixin.parseExpressionBase (/Users/sergio/aura-apps/node_modules/.pnpm/@babel+parser@7.29.7/node_modules/@babel/parser/lib/index.js:10801:23)
      at /Users/sergio/aura-apps/node_modules/.pnpm/@babel+parser@7.29.7/node_modules/@babel/parser/lib/index.js:10797:39
      at TypeScriptParserMixin.allowInAnd (/Users/sergio/aura-apps/node_modules/.pnpm/@babel+parser@7.29.7/node_modules/@babel/parser/lib/index.js:12443:12)
      at TypeScriptParserMixin.parseExpression (/Users/sergio/aura-apps/node_modules/.pnpm/@babel+parser@7.29.7/node_modules/@babel/parser/lib/index.js:10797:17)
      at TypeScriptParserMixin.jsxParseExpressionContainer (/Users/sergio/aura-apps/node_modules/.pnpm/@babel+parser@7.29.7/node_modules/@babel/parser/lib/index.js:4644:31)
      at TypeScriptParserMixin.jsxParseElementAt (/Users/sergio/aura-apps/node_modules/.pnpm/@babel+parser@7.29.7/node_modules/@babel/parser/lib/index.js:4723:36)
      at TypeScriptParserMixin.jsxParseElementAt (/Users/sergio/aura-apps/node_modules/.pnpm/@babel+parser@7.29.7/node_modules/@babel/parser/lib/index.js:4710:32)
      at TypeScriptParserMixin.jsxParseElementAt (/Users/sergio/aura-apps/node_modules/.pnpm/@babel+parser@7.29.7/node_modules/@babel/parser/lib/index.js:4710:32)
      at TypeScriptParserMixin.jsxParseElement (/Users/sergio/aura-apps/node_modules/.pnpm/@babel+parser@7.29.7/node_modules/@babel/parser/lib/index.js:4761:17)
      at TypeScriptParserMixin.parseExprAtom (/Users/sergio/aura-apps/node_modules/.pnpm/@babel+parser@7.29.7/node_modules/@babel/parser/lib/index.js:4771:19)
      at TypeScriptParserMixin.parseExprSubscripts (/Users/sergio/aura-apps/node_modules/.pnpm/@babel+parser@7.29.7/node_modules/@babel/parser/lib/index.js:11098:23)
      at TypeScriptParserMixin.parseUpdate (/Users/sergio/aura-apps/node_modules/.pnpm/@babel+parser@7.29.7/node_modules/@babel/parser/lib/index.js:11083:21)
      at TypeScriptParserMixin.parseMaybeUnary (/Users/sergio/aura-apps/node_modules/.pnpm/@babel+parser@7.29.7/node_modules/@babel/parser/lib/index.js:11063:23)
10:23:34 PM [vite] (client) hmr update /src/screens/RecordScreen.tsx
10:36:23 PM [vite] (client) hmr update /src/components/EgoBurst.tsx
10:36:24 PM [vite] (client) hmr invalidate /src/components/EgoBurst.tsx Could not Fast Refresh ("getTierByLabel" export is incompatible). Learn more at https://github.com/vitejs/vite-plugin-react/tree/main/packages/plugin-react#consistent-components-exports
10:36:24 PM [vite] (client) hmr update /src/screens/RecordScreen.tsx
10:46:44 PM [vite] (client) hmr update /src/screens/RecordScreen.tsx, /src/components/TuningPanel.tsx, /src/components/EgoBurst.tsx
10:46:44 PM [vite] (client) hmr invalidate /src/components/EgoBurst.tsx Could not Fast Refresh ("getTierByLabel" export is incompatible). Learn more at https://github.com/vitejs/vite-plugin-react/tree/main/packages/plugin-react#consistent-components-exports
10:46:44 PM [vite] (client) hmr update /src/screens/RecordScreen.tsx
10:47:00 PM [vite] (client) hmr update /src/screens/RecordScreen.tsx, /src/components/TuningPanel.tsx, /src/components/EgoBurst.tsx
10:47:01 PM [vite] (client) hmr invalidate /src/components/EgoBurst.tsx Could not Fast Refresh ("getTierByLabel" export is incompatible). Learn more at https://github.com/vitejs/vite-plugin-react/tree/main/packages/plugin-react#consistent-components-exports
10:47:01 PM [vite] (client) hmr update /src/screens/RecordScreen.tsx
10:47:15 PM [vite] (client) hmr update /src/screens/RecordScreen.tsx, /src/components/TuningPanel.tsx, /src/components/EgoBurst.tsx
10:47:15 PM [vite] (client) hmr invalidate /src/components/EgoBurst.tsx Could not Fast Refresh ("getTierByLabel" export is incompatible). Learn more at https://github.com/vitejs/vite-plugin-react/tree/main/packages/plugin-react#consistent-components-exports
10:47:15 PM [vite] (client) hmr update /src/screens/RecordScreen.tsx
10:47:43 PM [vite] (client) hmr update /src/components/EgoBurst.tsx
10:47:43 PM [vite] (client) hmr invalidate /src/components/EgoBurst.tsx Could not Fast Refresh ("getTierByLabel" export is incompatible). Learn more at https://github.com/vitejs/vite-plugin-react/tree/main/packages/plugin-react#consistent-components-exports
10:47:43 PM [vite] (client) hmr update /src/screens/RecordScreen.tsx
10:47:45 PM [vite] (client) hmr update /src/components/EgoBurst.tsx
10:47:45 PM [vite] (client) hmr invalidate /src/components/EgoBurst.tsx Could not Fast Refresh ("getTierByLabel" export is incompatible). Learn more at https://github.com/vitejs/vite-plugin-react/tree/main/packages/plugin-react#consistent-components-exports
10:47:45 PM [vite] (client) hmr update /src/screens/RecordScreen.tsx
10:47:52 PM [vite] (client) hmr update /src/components/EgoBurst.tsx
10:47:52 PM [vite] (client) hmr invalidate /src/components/EgoBurst.tsx Could not Fast Refresh ("getTierByLabel" export is incompatible). Learn more at https://github.com/vitejs/vite-plugin-react/tree/main/packages/plugin-react#consistent-components-exports
10:47:52 PM [vite] (client) hmr update /src/screens/RecordScreen.tsx
10:50:56 PM [vite] (client) hmr update /src/components/EgoBurst.tsx
10:50:56 PM [vite] (client) hmr invalidate /src/components/EgoBurst.tsx Could not Fast Refresh ("getTierByLabel" export is incompatible). Learn more at https://github.com/vitejs/vite-plugin-react/tree/main/packages/plugin-react#consistent-components-exports
10:50:56 PM [vite] (client) hmr update /src/screens/RecordScreen.tsx
10:51:15 PM [vite] (client) hmr update /src/components/EgoBurst.tsx
10:51:15 PM [vite] (client) hmr invalidate /src/components/EgoBurst.tsx Could not Fast Refresh ("getTierByLabel" export is incompatible). Learn more at https://github.com/vitejs/vite-plugin-react/tree/main/packages/plugin-react#consistent-components-exports
10:51:15 PM [vite] (client) hmr update /src/screens/RecordScreen.tsx
10:58:06 PM [vite] (client) hmr update /src/screens/RecordScreen.tsx, /src/components/TuningPanel.tsx, /src/components/EgoBurst.tsx
10:58:07 PM [vite] (client) hmr invalidate /src/components/EgoBurst.tsx Could not Fast Refresh ("getTierByLabel" export is incompatible). Learn more at https://github.com/vitejs/vite-plugin-react/tree/main/packages/plugin-react#consistent-components-exports
10:58:07 PM [vite] (client) hmr update /src/screens/RecordScreen.tsx
10:58:22 PM [vite] (client) hmr update /src/screens/RecordScreen.tsx, /src/components/TuningPanel.tsx, /src/components/EgoBurst.tsx
10:58:23 PM [vite] (client) hmr invalidate /src/components/EgoBurst.tsx Could not Fast Refresh ("getTierByLabel" export is incompatible). Learn more at https://github.com/vitejs/vite-plugin-react/tree/main/packages/plugin-react#consistent-components-exports
10:58:23 PM [vite] (client) hmr update /src/screens/RecordScreen.tsx
10:58:58 PM [vite] (client) hmr update /src/components/TuningPanel.tsx
10:59:15 PM [vite] (client) hmr update /src/screens/RecordScreen.tsx
11:02:03 PM [vite] (client) hmr update /src/screens/RecordScreen.tsx, /src/components/TuningPanel.tsx, /src/components/EgoBurst.tsx
11:02:03 PM [vite] (client) hmr invalidate /src/components/EgoBurst.tsx Could not Fast Refresh ("getTierByLabel" export is incompatible). Learn more at https://github.com/vitejs/vite-plugin-react/tree/main/packages/plugin-react#consistent-components-exports
11:02:03 PM [vite] (client) hmr update /src/screens/RecordScreen.tsx
11:13:55 PM [vite] (client) hmr update /src/components/BottomDock.tsx
11:14:01 PM [vite] (client) hmr update /src/screens/RecordScreen.tsx
11:14:03 PM [vite] (client) hmr update /src/screens/RecordScreen.tsx
11:14:11 PM [vite] (client) hmr update /src/screens/RecordScreen.tsx
11:20:10 PM [vite] (client) hmr update /src/screens/RecordScreen.tsx
11:20:28 PM [vite] (client) hmr update /src/screens/RecordScreen.tsx
11:20:28 PM [vite] (client) hmr update /src/screens/RecordScreen.tsx
11:24:54 PM [vite] (client) hmr update /src/screens/RecordScreen.tsx
11:24:54 PM [vite] (client) hmr update /src/screens/RecordScreen.tsx
11:28:51 PM [vite] (client) hmr update /src/screens/RecordScreen.tsx
11:29:09 PM [vite] (client) hmr update /src/screens/RecordScreen.tsx, /src/components/TuningPanel.tsx, /src/components/EgoBurst.tsx
11:29:09 PM [vite] (client) hmr invalidate /src/components/EgoBurst.tsx Could not Fast Refresh ("getTierByLabel" export is incompatible). Learn more at https://github.com/vitejs/vite-plugin-react/tree/main/packages/plugin-react#consistent-components-exports
11:29:09 PM [vite] (client) hmr update /src/screens/RecordScreen.tsx
11:29:24 PM [vite] (client) hmr update /src/screens/RecordScreen.tsx
11:29:25 PM [vite] (client) hmr update /src/screens/RecordScreen.tsx
11:37:30 PM [vite] (client) hmr update /src/screens/RecordScreen.tsx
11:37:40 PM [vite] (client) hmr update /src/screens/RecordScreen.tsx
11:38:05 PM [vite] (client) hmr update /src/screens/RecordScreen.tsx
12:02:12 AM [vite] (client) hmr update /src/screens/RecordScreen.tsx
12:02:24 AM [vite] (client) hmr update /src/App.tsx
12:02:28 AM [vite] (client) hmr update /src/App.tsx
12:03:03 AM [vite] (client) hmr update /src/screens/RecordScreen.tsx
12:03:03 AM [vite] (client) hmr update /src/screens/RecordScreen.tsx, /src/App.tsx
12:05:10 AM [vite] (client) hmr update /src/screens/RecordScreen.tsx
12:05:35 AM [vite] (client) hmr update /src/components/BottomDock.tsx
12:05:37 AM [vite] (client) hmr update /src/components/BottomDock.tsx
12:05:38 AM [vite] (client) hmr update /src/components/BottomDock.tsx
1:30:31 AM [vite] (client) hmr update /src/screens/RecordScreen.tsx, /src/App.tsx, /src/components/BottomDock.tsx
1:30:31 AM [vite] (client) hmr update /src/screens/RecordScreen.tsx, /src/App.tsx, /src/components/BottomDock.tsx
1:30:31 AM [vite] (client) hmr update /src/screens/RecordScreen.tsx, /src/App.tsx, /src/components/BottomDock.tsx
1:30:31 AM [vite] (client) hmr update /src/components/BottomDock.tsx
1:30:31 AM [vite] (client) hmr update /src/components/EgoBurst.tsx
1:30:31 AM [vite] (client) hmr update /src/components/DebugPanel.tsx
1:30:31 AM [vite] (client) hmr update /src/screens/RecordScreen.tsx
1:30:31 AM [vite] (client) hmr update /src/screens/RecordScreen.tsx
1:30:31 AM [vite] (client) hmr update /src/components/TuningPanel.tsx
1:30:31 AM [vite] (client) hmr update /src/screens/RecordScreen.tsx, /src/components/TuningPanel.tsx, /src/components/EgoBurst.tsx
1:30:31 AM [vite] (client) hmr update /src/screens/RecordScreen.tsx
1:30:31 AM [vite] (client) hmr update /src/screens/RecordScreen.tsx, /src/components/TuningPanel.tsx, /src/components/EgoBurst.tsx, /src/App.tsx, /src/components/BottomDock.tsx
1:30:31 AM [vite] (client) hmr update /src/screens/RecordScreen.tsx, /src/components/TuningPanel.tsx, /src/components/EgoBurst.tsx
1:30:31 AM [vite] (client) hmr update /src/screens/RecordScreen.tsx
1:30:31 AM [vite] (client) hmr update /src/screens/RecordScreen.tsx
1:30:56 AM [vite] (client) hmr invalidate /src/components/EgoBurst.tsx Could not Fast Refresh ("getTierByLabel" export is incompatible). Learn more at https://github.com/vitejs/vite-plugin-react/tree/main/packages/plugin-react#consistent-components-exports
1:30:56 AM [vite] (client) hmr update /src/screens/RecordScreen.tsx
1:32:52 AM [vite] (client) hmr update /src/screens/RecordScreen.tsx, /src/components/TuningPanel.tsx, /src/components/EgoBurst.tsx
1:32:54 AM [vite] (client) hmr update /src/screens/RecordScreen.tsx
1:32:54 AM [vite] (client) hmr update /src/screens/RecordScreen.tsx
1:32:54 AM [vite] (client) hmr update /src/screens/RecordScreen.tsx
1:33:23 AM [vite] (client) hmr invalidate /src/components/EgoBurst.tsx Could not Fast Refresh ("getTierByLabel" export is incompatible). Learn more at https://github.com/vitejs/vite-plugin-react/tree/main/packages/plugin-react#consistent-components-exports
1:33:23 AM [vite] (client) hmr update /src/screens/RecordScreen.tsx
1:35:37 AM [vite] (client) hmr update /src/screens/RecordScreen.tsx
1:35:39 AM [vite] (client) hmr update /src/components/TuningPanel.tsx
1:37:16 AM [vite] (client) hmr update /src/screens/RecordScreen.tsx
1:39:42 AM [vite] (client) hmr update /src/screens/RecordScreen.tsx
1:42:14 AM [vite] (client) hmr update /src/screens/RecordScreen.tsx
2:01:56 AM [vite] (client) hmr update /src/screens/RecordScreen.tsx
2:04:05 AM [vite] (client) hmr update /src/components/TuningPanel.tsx
2:41:53 AM [vite] (client) hmr update /src/components/TuningPanel.tsx
2:41:56 AM [vite] (client) hmr update /src/components/TuningPanel.tsx
4:04:19 AM [vite] (client) hmr update /src/components/TuningPanel.tsx
4:04:21 AM [vite] (client) hmr update /src/screens/RecordScreen.tsx
4:04:26 AM [vite] (client) hmr update /src/components/TuningPanel.tsx
4:04:33 AM [vite] (client) hmr update /src/components/TuningPanel.tsx
4:21:09 AM [vite] (client) hmr update /src/screens/RecordScreen.tsx
4:22:01 AM [vite] (client) hmr update /src/components/TuningPanel.tsx
4:22:06 AM [vite] (client) hmr update /src/components/TuningPanel.tsx
4:22:06 AM [vite] (client) hmr update /src/screens/RecordScreen.tsx
4:22:12 AM [vite] (client) hmr update /src/screens/RecordScreen.tsx
4:22:12 AM [vite] Internal server error: /Users/sergio/aura-apps/apps/farm-capacitor/src/screens/RecordScreen.tsx: Expected corresponding JSX closing tag for <button>. (922:8)

  920 |             {toast && <div style={{ marginTop: 8, color: "#0f0", fontSize: 12 }}>{toast}</div>}
  921 |           </div>
> 922 |         </div>
      |         ^
  923 |       )}
  924 |
  925 |       {/* File input (hidden) */}
  Plugin: vite:react-babel
  File: /Users/sergio/aura-apps/apps/farm-capacitor/src/screens/RecordScreen.tsx:922:8
  920|              {toast && <div style={{ marginTop: 8, color: "#0f0", fontSize: 12 }}>{toast}</div>}
  921|            </div>
  922|          </div>
     |          ^
  923|        )}
  924|  
      at constructor (/Users/sergio/aura-apps/node_modules/.pnpm/@babel+parser@7.29.7/node_modules/@babel/parser/lib/index.js:365:19)
      at TypeScriptParserMixin.raise (/Users/sergio/aura-apps/node_modules/.pnpm/@babel+parser@7.29.7/node_modules/@babel/parser/lib/index.js:6616:19)
      at TypeScriptParserMixin.jsxParseElementAt (/Users/sergio/aura-apps/node_modules/.pnpm/@babel+parser@7.29.7/node_modules/@babel/parser/lib/index.js:4739:16)
      at TypeScriptParserMixin.jsxParseElement (/Users/sergio/aura-apps/node_modules/.pnpm/@babel+parser@7.29.7/node_modules/@babel/parser/lib/index.js:4761:17)
      at TypeScriptParserMixin.parseExprAtom (/Users/sergio/aura-apps/node_modules/.pnpm/@babel+parser@7.29.7/node_modules/@babel/parser/lib/index.js:4771:19)
      at TypeScriptParserMixin.parseExprSubscripts (/Users/sergio/aura-apps/node_modules/.pnpm/@babel+parser@7.29.7/node_modules/@babel/parser/lib/index.js:11098:23)
      at TypeScriptParserMixin.parseUpdate (/Users/sergio/aura-apps/node_modules/.pnpm/@babel+parser@7.29.7/node_modules/@babel/parser/lib/index.js:11083:21)
      at TypeScriptParserMixin.parseMaybeUnary (/Users/sergio/aura-apps/node_modules/.pnpm/@babel+parser@7.29.7/node_modules/@babel/parser/lib/index.js:11063:23)
      at TypeScriptParserMixin.parseMaybeUnary (/Users/sergio/aura-apps/node_modules/.pnpm/@babel+parser@7.29.7/node_modules/@babel/parser/lib/index.js:9854:18)
      at TypeScriptParserMixin.parseMaybeUnaryOrPrivate (/Users/sergio/aura-apps/node_modules/.pnpm/@babel+parser@7.29.7/node_modules/@babel/parser/lib/index.js:10916:61)
      at TypeScriptParserMixin.parseExprOps (/Users/sergio/aura-apps/node_modules/.pnpm/@babel+parser@7.29.7/node_modules/@babel/parser/lib/index.js:10921:23)
      at TypeScriptParserMixin.parseMaybeConditional (/Users/sergio/aura-apps/node_modules/.pnpm/@babel+parser@7.29.7/node_modules/@babel/parser/lib/index.js:10898:23)
      at TypeScriptParserMixin.parseMaybeAssign (/Users/sergio/aura-apps/node_modules/.pnpm/@babel+parser@7.29.7/node_modules/@babel/parser/lib/index.js:10848:21)
      at /Users/sergio/aura-apps/node_modules/.pnpm/@babel+parser@7.29.7/node_modules/@babel/parser/lib/index.js:9792:39
      at TypeScriptParserMixin.tryParse (/Users/sergio/aura-apps/node_modules/.pnpm/@babel+parser@7.29.7/node_modules/@babel/parser/lib/index.js:6924:20)
      at TypeScriptParserMixin.parseMaybeAssign (/Users/sergio/aura-apps/node_modules/.pnpm/@babel+parser@7.29.7/node_modules/@babel/parser/lib/index.js:9792:18)
      at /Users/sergio/aura-apps/node_modules/.pnpm/@babel+parser@7.29.7/node_modules/@babel/parser/lib/index.js:10817:39
      at TypeScriptParserMixin.allowInAnd (/Users/sergio/aura-apps/node_modules/.pnpm/@babel+parser@7.29.7/node_modules/@babel/parser/lib/index.js:12443:12)
      at TypeScriptParserMixin.parseMaybeAssignAllowIn (/Users/sergio/aura-apps/node_modules/.pnpm/@babel+parser@7.29.7/node_modules/@babel/parser/lib/index.js:10817:17)
      at TypeScriptParserMixin.parseMaybeAssignAllowInOrVoidPattern (/Users/sergio/aura-apps/node_modules/.pnpm/@babel+parser@7.29.7/node_modules/@babel/parser/lib/index.js:12510:17)
      at TypeScriptParserMixin.parseParenAndDistinguishExpression (/Users/sergio/aura-apps/node_modules/.pnpm/@babel+parser@7.29.7/node_modules/@babel/parser/lib/index.js:11692:28)
      at TypeScriptParserMixin.parseExprAtom (/Users/sergio/aura-apps/node_modules/.pnpm/@babel+parser@7.29.7/node_modules/@babel/parser/lib/index.js:11348:23)
      at TypeScriptParserMixin.parseExprAtom (/Users/sergio/aura-apps/node_modules/.pnpm/@babel+parser@7.29.7/node_modules/@babel/parser/lib/index.js:4776:20)
      at TypeScriptParserMixin.parseExprSubscripts (/Users/sergio/aura-apps/node_modules/.pnpm/@babel+parser@7.29.7/node_modules/@babel/parser/lib/index.js:11098:23)
      at TypeScriptParserMixin.parseUpdate (/Users/sergio/aura-apps/node_modules/.pnpm/@babel+parser@7.29.7/node_modules/@babel/parser/lib/index.js:11083:21)
      at TypeScriptParserMixin.parseMaybeUnary (/Users/sergio/aura-apps/node_modules/.pnpm/@babel+parser@7.29.7/node_modules/@babel/parser/lib/index.js:11063:23)
      at TypeScriptParserMixin.parseMaybeUnary (/Users/sergio/aura-apps/node_modules/.pnpm/@babel+parser@7.29.7/node_modules/@babel/parser/lib/index.js:9854:18)
      at TypeScriptParserMixin.parseMaybeUnaryOrPrivate (/Users/sergio/aura-apps/node_modules/.pnpm/@babel+parser@7.29.7/node_modules/@babel/parser/lib/index.js:10916:61)
      at TypeScriptParserMixin.parseExprOpBaseRightExpr (/Users/sergio/aura-apps/node_modules/.pnpm/@babel+parser@7.29.7/node_modules/@babel/parser/lib/index.js:11003:34)
      at TypeScriptParserMixin.parseExprOpRightExpr (/Users/sergio/aura-apps/node_modules/.pnpm/@babel+parser@7.29.7/node_modules/@babel/parser/lib/index.js:10998:21)
      at TypeScriptParserMixin.parseExprOp (/Users/sergio/aura-apps/node_modules/.pnpm/@babel+parser@7.29.7/node_modules/@babel/parser/lib/index.js:10964:27)
      at TypeScriptParserMixin.parseExprOp (/Users/sergio/aura-apps/node_modules/.pnpm/@babel+parser@7.29.7/node_modules/@babel/parser/lib/index.js:9323:18)
      at TypeScriptParserMixin.parseExprOps (/Users/sergio/aura-apps/node_modules/.pnpm/@babel+parser@7.29.7/node_modules/@babel/parser/lib/index.js:10925:17)
      at TypeScriptParserMixin.parseMaybeConditional (/Users/sergio/aura-apps/node_modules/.pnpm/@babel+parser@7.29.7/node_modules/@babel/parser/lib/index.js:10898:23)
      at TypeScriptParserMixin.parseMaybeAssign (/Users/sergio/aura-apps/node_modules/.pnpm/@babel+parser@7.29.7/node_modules/@babel/parser/lib/index.js:10848:21)
      at TypeScriptParserMixin.parseMaybeAssign (/Users/sergio/aura-apps/node_modules/.pnpm/@babel+parser@7.29.7/node_modules/@babel/parser/lib/index.js:9803:20)
      at TypeScriptParserMixin.parseExpressionBase (/Users/sergio/aura-apps/node_modules/.pnpm/@babel+parser@7.29.7/node_modules/@babel/parser/lib/index.js:10801:23)
      at /Users/sergio/aura-apps/node_modules/.pnpm/@babel+parser@7.29.7/node_modules/@babel/parser/lib/index.js:10797:39
      at TypeScriptParserMixin.allowInAnd (/Users/sergio/aura-apps/node_modules/.pnpm/@babel+parser@7.29.7/node_modules/@babel/parser/lib/index.js:12443:12)
      at TypeScriptParserMixin.parseExpression (/Users/sergio/aura-apps/node_modules/.pnpm/@babel+parser@7.29.7/node_modules/@babel/parser/lib/index.js:10797:17)
      at TypeScriptParserMixin.jsxParseExpressionContainer (/Users/sergio/aura-apps/node_modules/.pnpm/@babel+parser@7.29.7/node_modules/@babel/parser/lib/index.js:4644:31)
      at TypeScriptParserMixin.jsxParseElementAt (/Users/sergio/aura-apps/node_modules/.pnpm/@babel+parser@7.29.7/node_modules/@babel/parser/lib/index.js:4723:36)
      at TypeScriptParserMixin.jsxParseElement (/Users/sergio/aura-apps/node_modules/.pnpm/@babel+parser@7.29.7/node_modules/@babel/parser/lib/index.js:4761:17)
      at TypeScriptParserMixin.parseExprAtom (/Users/sergio/aura-apps/node_modules/.pnpm/@babel+parser@7.29.7/node_modules/@babel/parser/lib/index.js:4771:19)
      at TypeScriptParserMixin.parseExprSubscripts (/Users/sergio/aura-apps/node_modules/.pnpm/@babel+parser@7.29.7/node_modules/@babel/parser/lib/index.js:11098:23)
      at TypeScriptParserMixin.parseUpdate (/Users/sergio/aura-apps/node_modules/.pnpm/@babel+parser@7.29.7/node_modules/@babel/parser/lib/index.js:11083:21)
      at TypeScriptParserMixin.parseMaybeUnary (/Users/sergio/aura-apps/node_modules/.pnpm/@babel+parser@7.29.7/node_modules/@babel/parser/lib/index.js:11063:23)
      at TypeScriptParserMixin.parseMaybeUnary (/Users/sergio/aura-apps/node_modules/.pnpm/@babel+parser@7.29.7/node_modules/@babel/parser/lib/index.js:9854:18)
      at TypeScriptParserMixin.parseMaybeUnaryOrPrivate (/Users/sergio/aura-apps/node_modules/.pnpm/@babel+parser@7.29.7/node_modules/@babel/parser/lib/index.js:10916:61)
      at TypeScriptParserMixin.parseExprOps (/Users/sergio/aura-apps/node_modules/.pnpm/@babel+parser@7.29.7/node_modules/@babel/parser/lib/index.js:10921:23)
4:22:39 AM [vite] (client) hmr update /src/screens/RecordScreen.tsx
4:22:43 AM [vite] (client) hmr update /src/components/TuningPanel.tsx
4:22:43 AM [vite] Internal server error: /Users/sergio/aura-apps/apps/farm-capacitor/src/components/TuningPanel.tsx: Expected corresponding JSX closing tag for <button>. (489:4)

  487 |         </div>
  488 |       </div>
> 489 |     </div>
      |     ^
  490 |   );
  491 | }
  492 |
  Plugin: vite:react-babel
  File: /Users/sergio/aura-apps/apps/farm-capacitor/src/components/TuningPanel.tsx:489:4
  487|          </div>
  488|        </div>
  489|      </div>
     |      ^
  490|    );
  491|  }
      at constructor (/Users/sergio/aura-apps/node_modules/.pnpm/@babel+parser@7.29.7/node_modules/@babel/parser/lib/index.js:365:19)
      at TypeScriptParserMixin.raise (/Users/sergio/aura-apps/node_modules/.pnpm/@babel+parser@7.29.7/node_modules/@babel/parser/lib/index.js:6616:19)
      at TypeScriptParserMixin.jsxParseElementAt (/Users/sergio/aura-apps/node_modules/.pnpm/@babel+parser@7.29.7/node_modules/@babel/parser/lib/index.js:4739:16)
      at TypeScriptParserMixin.jsxParseElement (/Users/sergio/aura-apps/node_modules/.pnpm/@babel+parser@7.29.7/node_modules/@babel/parser/lib/index.js:4761:17)
      at TypeScriptParserMixin.parseExprAtom (/Users/sergio/aura-apps/node_modules/.pnpm/@babel+parser@7.29.7/node_modules/@babel/parser/lib/index.js:4771:19)
      at TypeScriptParserMixin.parseExprSubscripts (/Users/sergio/aura-apps/node_modules/.pnpm/@babel+parser@7.29.7/node_modules/@babel/parser/lib/index.js:11098:23)
      at TypeScriptParserMixin.parseUpdate (/Users/sergio/aura-apps/node_modules/.pnpm/@babel+parser@7.29.7/node_modules/@babel/parser/lib/index.js:11083:21)
      at TypeScriptParserMixin.parseMaybeUnary (/Users/sergio/aura-apps/node_modules/.pnpm/@babel+parser@7.29.7/node_modules/@babel/parser/lib/index.js:11063:23)
      at TypeScriptParserMixin.parseMaybeUnary (/Users/sergio/aura-apps/node_modules/.pnpm/@babel+parser@7.29.7/node_modules/@babel/parser/lib/index.js:9854:18)
      at TypeScriptParserMixin.parseMaybeUnaryOrPrivate (/Users/sergio/aura-apps/node_modules/.pnpm/@babel+parser@7.29.7/node_modules/@babel/parser/lib/index.js:10916:61)
      at TypeScriptParserMixin.parseExprOps (/Users/sergio/aura-apps/node_modules/.pnpm/@babel+parser@7.29.7/node_modules/@babel/parser/lib/index.js:10921:23)
      at TypeScriptParserMixin.parseMaybeConditional (/Users/sergio/aura-apps/node_modules/.pnpm/@babel+parser@7.29.7/node_modules/@babel/parser/lib/index.js:10898:23)
      at TypeScriptParserMixin.parseMaybeAssign (/Users/sergio/aura-apps/node_modules/.pnpm/@babel+parser@7.29.7/node_modules/@babel/parser/lib/index.js:10848:21)
      at /Users/sergio/aura-apps/node_modules/.pnpm/@babel+parser@7.29.7/node_modules/@babel/parser/lib/index.js:9792:39
      at TypeScriptParserMixin.tryParse (/Users/sergio/aura-apps/node_modules/.pnpm/@babel+parser@7.29.7/node_modules/@babel/parser/lib/index.js:6924:20)
      at TypeScriptParserMixin.parseMaybeAssign (/Users/sergio/aura-apps/node_modules/.pnpm/@babel+parser@7.29.7/node_modules/@babel/parser/lib/index.js:9792:18)
      at /Users/sergio/aura-apps/node_modules/.pnpm/@babel+parser@7.29.7/node_modules/@babel/parser/lib/index.js:10817:39
      at TypeScriptParserMixin.allowInAnd (/Users/sergio/aura-apps/node_modules/.pnpm/@babel+parser@7.29.7/node_modules/@babel/parser/lib/index.js:12443:12)
      at TypeScriptParserMixin.parseMaybeAssignAllowIn (/Users/sergio/aura-apps/node_modules/.pnpm/@babel+parser@7.29.7/node_modules/@babel/parser/lib/index.js:10817:17)
      at TypeScriptParserMixin.parseMaybeAssignAllowInOrVoidPattern (/Users/sergio/aura-apps/node_modules/.pnpm/@babel+parser@7.29.7/node_modules/@babel/parser/lib/index.js:12510:17)
      at TypeScriptParserMixin.parseParenAndDistinguishExpression (/Users/sergio/aura-apps/node_modules/.pnpm/@babel+parser@7.29.7/node_modules/@babel/parser/lib/index.js:11692:28)
      at TypeScriptParserMixin.parseExprAtom (/Users/sergio/aura-apps/node_modules/.pnpm/@babel+parser@7.29.7/node_modules/@babel/parser/lib/index.js:11348:23)
      at TypeScriptParserMixin.parseExprAtom (/Users/sergio/aura-apps/node_modules/.pnpm/@babel+parser@7.29.7/node_modules/@babel/parser/lib/index.js:4776:20)
      at TypeScriptParserMixin.parseExprSubscripts (/Users/sergio/aura-apps/node_modules/.pnpm/@babel+parser@7.29.7/node_modules/@babel/parser/lib/index.js:11098:23)
      at TypeScriptParserMixin.parseUpdate (/Users/sergio/aura-apps/node_modules/.pnpm/@babel+parser@7.29.7/node_modules/@babel/parser/lib/index.js:11083:21)
      at TypeScriptParserMixin.parseMaybeUnary (/Users/sergio/aura-apps/node_modules/.pnpm/@babel+parser@7.29.7/node_modules/@babel/parser/lib/index.js:11063:23)
      at TypeScriptParserMixin.parseMaybeUnary (/Users/sergio/aura-apps/node_modules/.pnpm/@babel+parser@7.29.7/node_modules/@babel/parser/lib/index.js:9854:18)
      at TypeScriptParserMixin.parseMaybeUnaryOrPrivate (/Users/sergio/aura-apps/node_modules/.pnpm/@babel+parser@7.29.7/node_modules/@babel/parser/lib/index.js:10916:61)
      at TypeScriptParserMixin.parseExprOps (/Users/sergio/aura-apps/node_modules/.pnpm/@babel+parser@7.29.7/node_modules/@babel/parser/lib/index.js:10921:23)
      at TypeScriptParserMixin.parseMaybeConditional (/Users/sergio/aura-apps/node_modules/.pnpm/@babel+parser@7.29.7/node_modules/@babel/parser/lib/index.js:10898:23)
      at TypeScriptParserMixin.parseMaybeAssign (/Users/sergio/aura-apps/node_modules/.pnpm/@babel+parser@7.29.7/node_modules/@babel/parser/lib/index.js:10848:21)
      at TypeScriptParserMixin.parseMaybeAssign (/Users/sergio/aura-apps/node_modules/.pnpm/@babel+parser@7.29.7/node_modules/@babel/parser/lib/index.js:9803:20)
      at TypeScriptParserMixin.parseExpressionBase (/Users/sergio/aura-apps/node_modules/.pnpm/@babel+parser@7.29.7/node_modules/@babel/parser/lib/index.js:10801:23)
      at /Users/sergio/aura-apps/node_modules/.pnpm/@babel+parser@7.29.7/node_modules/@babel/parser/lib/index.js:10797:39
      at TypeScriptParserMixin.allowInAnd (/Users/sergio/aura-apps/node_modules/.pnpm/@babel+parser@7.29.7/node_modules/@babel/parser/lib/index.js:12438:16)
      at TypeScriptParserMixin.parseExpression (/Users/sergio/aura-apps/node_modules/.pnpm/@babel+parser@7.29.7/node_modules/@babel/parser/lib/index.js:10797:17)
      at TypeScriptParserMixin.parseReturnStatement (/Users/sergio/aura-apps/node_modules/.pnpm/@babel+parser@7.29.7/node_modules/@babel/parser/lib/index.js:13159:28)
      at TypeScriptParserMixin.parseStatementContent (/Users/sergio/aura-apps/node_modules/.pnpm/@babel+parser@7.29.7/node_modules/@babel/parser/lib/index.js:12815:21)
      at TypeScriptParserMixin.parseStatementContent (/Users/sergio/aura-apps/node_modules/.pnpm/@babel+parser@7.29.7/node_modules/@babel/parser/lib/index.js:9525:18)
      at TypeScriptParserMixin.parseStatementLike (/Users/sergio/aura-apps/node_modules/.pnpm/@babel+parser@7.29.7/node_modules/@babel/parser/lib/index.js:12784:17)
      at TypeScriptParserMixin.parseStatementListItem (/Users/sergio/aura-apps/node_modules/.pnpm/@babel+parser@7.29.7/node_modules/@babel/parser/lib/index.js:12764:17)
      at TypeScriptParserMixin.parseBlockOrModuleBlockBody (/Users/sergio/aura-apps/node_modules/.pnpm/@babel+parser@7.29.7/node_modules/@babel/parser/lib/index.js:13333:61)
      at TypeScriptParserMixin.parseBlockBody (/Users/sergio/aura-apps/node_modules/.pnpm/@babel+parser@7.29.7/node_modules/@babel/parser/lib/index.js:13326:10)
      at TypeScriptParserMixin.parseBlock (/Users/sergio/aura-apps/node_modules/.pnpm/@babel+parser@7.29.7/node_modules/@babel/parser/lib/index.js:13314:10)
      at TypeScriptParserMixin.parseFunctionBody (/Users/sergio/aura-apps/node_modules/.pnpm/@babel+parser@7.29.7/node_modules/@babel/parser/lib/index.js:12117:24)
      at TypeScriptParserMixin.parseFunctionBodyAndFinish (/Users/sergio/aura-apps/node_modules/.pnpm/@babel+parser@7.29.7/node_modules/@babel/parser/lib/index.js:12103:10)
      at TypeScriptParserMixin.parseFunctionBodyAndFinish (/Users/sergio/aura-apps/node_modules/.pnpm/@babel+parser@7.29.7/node_modules/@babel/parser/lib/index.js:9189:18)
      at /Users/sergio/aura-apps/node_modules/.pnpm/@babel+parser@7.29.7/node_modules/@babel/parser/lib/index.js:13462:12
      at TypeScriptParserMixin.withSmartMixTopicForbiddingContext (/Users/sergio/aura-apps/node_modules/.pnpm/@babel+parser@7.29.7/node_modules/@babel/parser/lib/index.js:12420:14)
      at TypeScriptParserMixin.parseFunction (/Users/sergio/aura-apps/node_modules/.pnpm/@babel+parser@7.29.7/node_modules/@babel/parser/lib/index.js:13461:10)
4:22:51 AM [vite] (client) hmr update /src/components/TuningPanel.tsx
5:17:17 AM [vite] (client) hmr update /src/components/TuningPanel.tsx
10:22:46 AM [vite] (client) hmr update /src/screens/RecordScreen.tsx, /src/App.tsx, /src/components/BottomDock.tsx
10:22:46 AM [vite] (client) hmr update /src/screens/RecordScreen.tsx, /src/App.tsx, /src/components/BottomDock.tsx
10:23:38 AM [vite] (client) hmr update /src/screens/RecordScreen.tsx, /src/App.tsx, /src/components/BottomDock.tsx
11:51:16 AM [vite] (client) hmr update /src/screens/RecordScreen.tsx
11:52:16 AM [vite] (client) hmr update /src/screens/RecordScreen.tsx
npm warn Unknown project config "shamefully-hoist". This will stop working in the next major version of npm. See `npm help npmrc` for supported config options.
npm warn Unknown project config "strict-peer-dependencies". This will stop working in the next major version of npm. See `npm help npmrc` for supported config options.
2:38:45 PM [vite] warning: `esbuild` option was specified by "vite:react-babel" plugin. This option is deprecated, please use `oxc` instead.
2:38:45 PM [vite] warning: `optimizeDeps.esbuildOptions` option was specified by "vite:react-babel" plugin. This option is deprecated, please use `optimizeDeps.rolldownOptions` instead.
You or a plugin you are using have set `optimizeDeps.esbuildOptions` but this option is now deprecated. Vite now uses Rolldown to optimize the dependencies. Please use `optimizeDeps.rolldownOptions` instead.
2:38:45 PM [vite] (client) Re-optimizing dependencies because lockfile has changed

  VITE v8.1.5  ready in 409 ms

  ➜  Local:   https://localhost:5173/
  ➜  Network: https://192.168.15.7:5173/
npm warn Unknown project config "shamefully-hoist". This will stop working in the next major version of npm. See `npm help npmrc` for supported config options.
npm warn Unknown project config "strict-peer-dependencies". This will stop working in the next major version of npm. See `npm help npmrc` for supported config options.
[33m[PLUGIN_TIMINGS] [0mYour build spent significant time in plugin `externalize-deps`. See https://rolldown.rs/reference/InputOptions.checks#plugintimings for more details.

2:50:45 PM [vite] warning: `esbuild` option was specified by "vite:react-babel" plugin. This option is deprecated, please use `oxc` instead.
2:50:45 PM [vite] warning: `optimizeDeps.esbuildOptions` option was specified by "vite:react-babel" plugin. This option is deprecated, please use `optimizeDeps.rolldownOptions` instead.
You or a plugin you are using have set `optimizeDeps.esbuildOptions` but this option is now deprecated. Vite now uses Rolldown to optimize the dependencies. Please use `optimizeDeps.rolldownOptions` instead.

  VITE v8.1.5  ready in 46729 ms

  ➜  Local:   https://localhost:5173/
  ➜  Network: https://192.168.15.7:5173/
npm warn Unknown project config "shamefully-hoist". This will stop working in the next major version of npm. See `npm help npmrc` for supported config options.
npm warn Unknown project config "strict-peer-dependencies". This will stop working in the next major version of npm. See `npm help npmrc` for supported config options.
2:53:55 PM [vite] warning: `esbuild` option was specified by "vite:react-babel" plugin. This option is deprecated, please use `oxc` instead.
2:53:55 PM [vite] warning: `optimizeDeps.esbuildOptions` option was specified by "vite:react-babel" plugin. This option is deprecated, please use `optimizeDeps.rolldownOptions` instead.
You or a plugin you are using have set `optimizeDeps.esbuildOptions` but this option is now deprecated. Vite now uses Rolldown to optimize the dependencies. Please use `optimizeDeps.rolldownOptions` instead.
Port 5173 is in use, trying another one...
Port 5174 is in use, trying another one...

  VITE v8.1.5  ready in 32475 ms

  ➜  Local:   https://localhost:5175/
  ➜  Network: https://192.168.15.7:5175/
11:39:28 PM [vite] changed tsconfig file detected: /Users/sergio/aura-apps/apps/farm-capacitor/cypress/tsconfig.json - Clearing cache and forcing full-reload to ensure TypeScript is compiled with updated config values.
npm warn Unknown project config "shamefully-hoist". This will stop working in the next major version of npm. See `npm help npmrc` for supported config options.
npm warn Unknown project config "strict-peer-dependencies". This will stop working in the next major version of npm. See `npm help npmrc` for supported config options.
12:11:23 AM [vite] warning: `esbuild` option was specified by "vite:react-babel" plugin. This option is deprecated, please use `oxc` instead.
12:11:23 AM [vite] warning: `optimizeDeps.esbuildOptions` option was specified by "vite:react-babel" plugin. This option is deprecated, please use `optimizeDeps.rolldownOptions` instead.
You or a plugin you are using have set `optimizeDeps.esbuildOptions` but this option is now deprecated. Vite now uses Rolldown to optimize the dependencies. Please use `optimizeDeps.rolldownOptions` instead.
12:11:23 AM [vite] (client) Re-optimizing dependencies because lockfile has changed

  VITE v8.1.5  ready in 359 ms

  ➜  Local:   https://localhost:5173/
  ➜  Network: https://192.168.15.7:5173/
  ➜  Network: https://169.254.75.34:5173/
12:12:08 AM [vite] (client) hmr update /src/screens/RecordScreen.tsx
12:12:15 AM [vite] (client) hmr update /src/screens/RecordScreen.tsx
12:12:19 AM [vite] (client) hmr update /src/screens/RecordScreen.tsx
12:12:23 AM [vite] (client) hmr update /src/screens/RecordScreen.tsx
12:12:27 AM [vite] (client) hmr update /src/screens/RecordScreen.tsx
12:13:31 AM [vite] (client) hmr update /src/screens/RecordScreen.tsx
12:13:33 AM [vite] (client) hmr update /src/screens/RecordScreen.tsx
12:13:46 AM [vite] (client) hmr update /src/screens/RecordScreen.tsx
12:13:48 AM [vite] (client) hmr update /src/screens/RecordScreen.tsx
12:26:14 AM [vite] (client) hmr update /src/screens/RecordScreen.tsx
12:26:14 AM [vite] (client) hmr update /src/screens/RecordScreen.tsx
12:26:24 AM [vite] (client) hmr update /src/screens/RecordScreen.tsx
12:26:24 AM [vite] (client) hmr update /src/screens/RecordScreen.tsx
12:26:24 AM [vite] (client) hmr update /src/screens/RecordScreen.tsx
12:26:27 AM [vite] (client) hmr update /src/screens/RecordScreen.tsx
12:26:27 AM [vite] (client) hmr update /src/screens/RecordScreen.tsx
12:26:27 AM [vite] (client) hmr update /src/screens/RecordScreen.tsx
12:26:39 AM [vite] (client) hmr update /src/screens/RecordScreen.tsx
12:27:06 AM [vite] (client) hmr update /src/screens/RecordScreen.tsx
12:27:33 AM [vite] (client) hmr update /src/screens/RecordScreen.tsx
12:27:33 AM [vite] (client) hmr update /src/screens/RecordScreen.tsx
12:27:33 AM [vite] (client) hmr update /src/screens/RecordScreen.tsx
12:27:33 AM [vite] (client) hmr update /src/screens/RecordScreen.tsx
12:27:33 AM [vite] (client) hmr update /src/screens/RecordScreen.tsx
12:27:33 AM [vite] (client) hmr update /src/screens/RecordScreen.tsx
12:27:33 AM [vite] (client) hmr update /src/screens/RecordScreen.tsx
12:27:33 AM [vite] (client) hmr update /src/screens/RecordScreen.tsx
12:27:33 AM [vite] (client) hmr update /src/screens/RecordScreen.tsx
12:27:37 AM [vite] (client) hmr update /src/screens/RecordScreen.tsx
12:27:37 AM [vite] (client) hmr update /src/screens/RecordScreen.tsx
12:27:37 AM [vite] (client) hmr update /src/screens/RecordScreen.tsx
12:31:31 AM [vite] (client) hmr update /src/screens/RecordScreen.tsx
12:31:31 AM [vite] (client) hmr update /src/screens/RecordScreen.tsx
12:31:31 AM [vite] (client) hmr update /src/screens/RecordScreen.tsx
12:59:55 AM [vite] (client) hmr update /src/screens/RecordScreen.tsx
1:00:14 AM [vite] (client) hmr update /src/screens/RecordScreen.tsx
9:14:10 AM [vite] (client) hmr update /src/screens/RecordScreen.tsx
11:05:45 AM [vite] (client) hmr update /src/screens/RecordScreen.tsx
11:06:17 AM [vite] (client) hmr update /src/screens/RecordScreen.tsx
11:06:23 AM [vite] (client) hmr update /src/screens/RecordScreen.tsx
11:06:36 AM [vite] (client) hmr update /src/components/BottomDock.tsx
11:06:55 AM [vite] (client) hmr update /src/components/BottomDock.tsx
11:07:16 AM [vite] (client) hmr update /src/screens/RecordScreen.tsx
11:07:23 AM [vite] (client) hmr update /src/screens/RecordScreen.tsx
11:08:17 AM [vite] (client) hmr update /src/screens/RecordScreen.tsx
11:08:23 AM [vite] (client) hmr update /src/screens/RecordScreen.tsx
11:08:34 AM [vite] (client) hmr update /src/screens/RecordScreen.tsx
11:09:30 AM [vite] (client) hmr update /src/screens/RecordScreen.tsx
11:09:37 AM [vite] (client) hmr update /src/screens/RecordScreen.tsx
12:07:10 PM [vite] (client) hmr update /src/components/BottomDock.tsx
12:07:23 PM [vite] (client) hmr update /src/components/BottomDock.tsx
12:07:35 PM [vite] (client) hmr update /src/components/BottomDock.tsx
12:07:51 PM [vite] (client) hmr update /src/screens/RecordScreen.tsx
12:08:01 PM [vite] (client) hmr update /src/components/EgoBurst.tsx
12:08:01 PM [vite] (client) hmr update /src/components/GameHUD.tsx
12:08:01 PM [vite] (client) hmr update /src/screens/RecordScreen.tsx
12:08:56 PM [vite] (client) hmr update /src/screens/RecordScreen.tsx
11:12:28 PM [vite] (client) hmr update /src/components/TuningPanel.tsx
11:12:42 PM [vite] (client) hmr update /src/screens/RecordScreen.tsx
2:34:37 AM [vite] (client) hmr update /src/screens/RecordScreen.tsx, /src/components/EgoBurst.tsx, /src/components/TuningPanel.tsx
2:34:38 AM [vite] (client) hmr invalidate /src/components/EgoBurst.tsx Could not Fast Refresh ("getTierByLabel" export is incompatible). Learn more at https://github.com/vitejs/vite-plugin-react/tree/main/packages/plugin-react#consistent-components-exports
2:34:38 AM [vite] (client) hmr update /src/screens/RecordScreen.tsx
2:34:41 AM [vite] (client) hmr update /src/screens/RecordScreen.tsx, /src/components/EgoBurst.tsx, /src/components/TuningPanel.tsx
2:34:42 AM [vite] (client) hmr invalidate /src/components/EgoBurst.tsx Could not Fast Refresh ("getTierByLabel" export is incompatible). Learn more at https://github.com/vitejs/vite-plugin-react/tree/main/packages/plugin-react#consistent-components-exports
2:34:42 AM [vite] (client) hmr update /src/screens/RecordScreen.tsx
2:34:46 AM [vite] (client) hmr update /src/screens/RecordScreen.tsx, /src/components/EgoBurst.tsx, /src/components/TuningPanel.tsx
2:34:46 AM [vite] (client) hmr invalidate /src/components/EgoBurst.tsx Could not Fast Refresh ("getTierByLabel" export is incompatible). Learn more at https://github.com/vitejs/vite-plugin-react/tree/main/packages/plugin-react#consistent-components-exports
2:34:46 AM [vite] (client) hmr update /src/screens/RecordScreen.tsx
2:34:55 AM [vite] (client) hmr update /src/screens/RecordScreen.tsx
2:35:06 AM [vite] (client) hmr update /src/screens/RecordScreen.tsx
2:35:16 AM [vite] (client) hmr update /src/screens/RecordScreen.tsx
2:35:28 AM [vite] (client) hmr update /src/screens/RecordScreen.tsx
1:08:00 AM [vite] (client) page reload index.html
1:08:00 AM [vite] (client) hmr update /src/theme.css
1:08:13 AM [vite] (client) hmr update /src/components/GameHUD.tsx
1:08:24 AM [vite] (client) hmr update /src/components/GameHUD.tsx
1:08:26 AM [vite] (client) hmr update /src/components/GameHUD.tsx
1:08:29 AM [vite] (client) hmr update /src/components/GameHUD.tsx
1:08:39 AM [vite] (client) hmr update /src/components/GameHUD.tsx
1:08:50 AM [vite] (client) hmr update /src/components/GameHUD.tsx
1:09:13 AM [vite] (client) hmr update /src/components/EgoBurst.tsx
1:09:14 AM [vite] (client) hmr invalidate /src/components/EgoBurst.tsx Could not Fast Refresh ("getTierByLabel" export is incompatible). Learn more at https://github.com/vitejs/vite-plugin-react/tree/main/packages/plugin-react#consistent-components-exports
1:09:14 AM [vite] (client) hmr update /src/screens/RecordScreen.tsx
1:09:15 AM [vite] (client) hmr update /src/components/EgoBurst.tsx
1:09:15 AM [vite] (client) hmr invalidate /src/components/EgoBurst.tsx Could not Fast Refresh ("getTierByLabel" export is incompatible). Learn more at https://github.com/vitejs/vite-plugin-react/tree/main/packages/plugin-react#consistent-components-exports
1:09:15 AM [vite] (client) hmr update /src/screens/RecordScreen.tsx
1:09:19 AM [vite] (client) hmr update /src/screens/RecordScreen.tsx
1:09:38 AM [vite] (client) hmr update /src/components/BottomDock.tsx
1:09:40 AM [vite] (client) hmr update /src/components/BottomDock.tsx
1:09:42 AM [vite] (client) hmr update /src/components/BottomDock.tsx
1:09:45 AM [vite] (client) hmr update /src/components/BottomDock.tsx
1:09:55 AM [vite] (client) hmr update /src/components/BottomDock.tsx
1:10:07 AM [vite] (client) hmr update /src/components/BottomDock.tsx
1:10:18 AM [vite] (client) hmr update /src/components/BottomDock.tsx
1:10:30 AM [vite] (client) hmr update /src/components/BottomDock.tsx
1:11:04 AM [vite] (client) hmr update /src/components/GameHUD.tsx
1:11:19 AM [vite] (client) hmr update /src/components/BottomDock.tsx
1:11:20 AM [vite] Internal server error: /Users/sergio/aura-apps/apps/farm-capacitor/src/components/BottomDock.tsx: Expected corresponding JSX closing tag for <button>. (193:12)

  191 |                 {props.trackingMode === "pose" ? "Pose" : "Hand"}
  192 |               </button>
> 193 |             </div>
      |             ^
  194 |           )}
  195 |         </div>
  196 |
  Plugin: vite:react-babel
  File: /Users/sergio/aura-apps/apps/farm-capacitor/src/components/BottomDock.tsx:193:12
  191 |                  {props.trackingMode === "pose" ? "Pose" : "Hand"}
  192 |                </button>
  193 |              </div>
      |              ^
  194 |            )}
  195 |          </div>
      at constructor (/Users/sergio/aura-apps/node_modules/.pnpm/@babel+parser@7.29.7/node_modules/@babel/parser/lib/index.js:365:19)
      at TypeScriptParserMixin.raise (/Users/sergio/aura-apps/node_modules/.pnpm/@babel+parser@7.29.7/node_modules/@babel/parser/lib/index.js:6616:19)
      at TypeScriptParserMixin.jsxParseElementAt (/Users/sergio/aura-apps/node_modules/.pnpm/@babel+parser@7.29.7/node_modules/@babel/parser/lib/index.js:4739:16)
      at TypeScriptParserMixin.jsxParseElementAt (/Users/sergio/aura-apps/node_modules/.pnpm/@babel+parser@7.29.7/node_modules/@babel/parser/lib/index.js:4710:32)
      at TypeScriptParserMixin.jsxParseElement (/Users/sergio/aura-apps/node_modules/.pnpm/@babel+parser@7.29.7/node_modules/@babel/parser/lib/index.js:4761:17)
      at TypeScriptParserMixin.parseExprAtom (/Users/sergio/aura-apps/node_modules/.pnpm/@babel+parser@7.29.7/node_modules/@babel/parser/lib/index.js:4771:19)
      at TypeScriptParserMixin.parseExprSubscripts (/Users/sergio/aura-apps/node_modules/.pnpm/@babel+parser@7.29.7/node_modules/@babel/parser/lib/index.js:11098:23)
      at TypeScriptParserMixin.parseUpdate (/Users/sergio/aura-apps/node_modules/.pnpm/@babel+parser@7.29.7/node_modules/@babel/parser/lib/index.js:11083:21)
      at TypeScriptParserMixin.parseMaybeUnary (/Users/sergio/aura-apps/node_modules/.pnpm/@babel+parser@7.29.7/node_modules/@babel/parser/lib/index.js:11063:23)
      at TypeScriptParserMixin.parseMaybeUnary (/Users/sergio/aura-apps/node_modules/.pnpm/@babel+parser@7.29.7/node_modules/@babel/parser/lib/index.js:9854:18)
      at TypeScriptParserMixin.parseMaybeUnaryOrPrivate (/Users/sergio/aura-apps/node_modules/.pnpm/@babel+parser@7.29.7/node_modules/@babel/parser/lib/index.js:10916:61)
      at TypeScriptParserMixin.parseExprOps (/Users/sergio/aura-apps/node_modules/.pnpm/@babel+parser@7.29.7/node_modules/@babel/parser/lib/index.js:10921:23)
      at TypeScriptParserMixin.parseMaybeConditional (/Users/sergio/aura-apps/node_modules/.pnpm/@babel+parser@7.29.7/node_modules/@babel/parser/lib/index.js:10898:23)
      at TypeScriptParserMixin.parseMaybeAssign (/Users/sergio/aura-apps/node_modules/.pnpm/@babel+parser@7.29.7/node_modules/@babel/parser/lib/index.js:10848:21)
      at /Users/sergio/aura-apps/node_modules/.pnpm/@babel+parser@7.29.7/node_modules/@babel/parser/lib/index.js:9792:39
      at TypeScriptParserMixin.tryParse (/Users/sergio/aura-apps/node_modules/.pnpm/@babel+parser@7.29.7/node_modules/@babel/parser/lib/index.js:6924:20)
      at TypeScriptParserMixin.parseMaybeAssign (/Users/sergio/aura-apps/node_modules/.pnpm/@babel+parser@7.29.7/node_modules/@babel/parser/lib/index.js:9792:18)
      at /Users/sergio/aura-apps/node_modules/.pnpm/@babel+parser@7.29.7/node_modules/@babel/parser/lib/index.js:10817:39
      at TypeScriptParserMixin.allowInAnd (/Users/sergio/aura-apps/node_modules/.pnpm/@babel+parser@7.29.7/node_modules/@babel/parser/lib/index.js:12443:12)
      at TypeScriptParserMixin.parseMaybeAssignAllowIn (/Users/sergio/aura-apps/node_modules/.pnpm/@babel+parser@7.29.7/node_modules/@babel/parser/lib/index.js:10817:17)
      at TypeScriptParserMixin.parseMaybeAssignAllowInOrVoidPattern (/Users/sergio/aura-apps/node_modules/.pnpm/@babel+parser@7.29.7/node_modules/@babel/parser/lib/index.js:12510:17)
      at TypeScriptParserMixin.parseParenAndDistinguishExpression (/Users/sergio/aura-apps/node_modules/.pnpm/@babel+parser@7.29.7/node_modules/@babel/parser/lib/index.js:11692:28)
      at TypeScriptParserMixin.parseExprAtom (/Users/sergio/aura-apps/node_modules/.pnpm/@babel+parser@7.29.7/node_modules/@babel/parser/lib/index.js:11348:23)
      at TypeScriptParserMixin.parseExprAtom (/Users/sergio/aura-apps/node_modules/.pnpm/@babel+parser@7.29.7/node_modules/@babel/parser/lib/index.js:4776:20)
      at TypeScriptParserMixin.parseExprSubscripts (/Users/sergio/aura-apps/node_modules/.pnpm/@babel+parser@7.29.7/node_modules/@babel/parser/lib/index.js:11098:23)
      at TypeScriptParserMixin.parseUpdate (/Users/sergio/aura-apps/node_modules/.pnpm/@babel+parser@7.29.7/node_modules/@babel/parser/lib/index.js:11083:21)
      at TypeScriptParserMixin.parseMaybeUnary (/Users/sergio/aura-apps/node_modules/.pnpm/@babel+parser@7.29.7/node_modules/@babel/parser/lib/index.js:11063:23)
      at TypeScriptParserMixin.parseMaybeUnary (/Users/sergio/aura-apps/node_modules/.pnpm/@babel+parser@7.29.7/node_modules/@babel/parser/lib/index.js:9854:18)
      at TypeScriptParserMixin.parseMaybeUnaryOrPrivate (/Users/sergio/aura-apps/node_modules/.pnpm/@babel+parser@7.29.7/node_modules/@babel/parser/lib/index.js:10916:61)
      at TypeScriptParserMixin.parseExprOpBaseRightExpr (/Users/sergio/aura-apps/node_modules/.pnpm/@babel+parser@7.29.7/node_modules/@babel/parser/lib/index.js:11003:34)
      at TypeScriptParserMixin.parseExprOpRightExpr (/Users/sergio/aura-apps/node_modules/.pnpm/@babel+parser@7.29.7/node_modules/@babel/parser/lib/index.js:10998:21)
      at TypeScriptParserMixin.parseExprOp (/Users/sergio/aura-apps/node_modules/.pnpm/@babel+parser@7.29.7/node_modules/@babel/parser/lib/index.js:10964:27)
      at TypeScriptParserMixin.parseExprOp (/Users/sergio/aura-apps/node_modules/.pnpm/@babel+parser@7.29.7/node_modules/@babel/parser/lib/index.js:9323:18)
      at TypeScriptParserMixin.parseExprOps (/Users/sergio/aura-apps/node_modules/.pnpm/@babel+parser@7.29.7/node_modules/@babel/parser/lib/index.js:10925:17)
      at TypeScriptParserMixin.parseMaybeConditional (/Users/sergio/aura-apps/node_modules/.pnpm/@babel+parser@7.29.7/node_modules/@babel/parser/lib/index.js:10898:23)
      at TypeScriptParserMixin.parseMaybeAssign (/Users/sergio/aura-apps/node_modules/.pnpm/@babel+parser@7.29.7/node_modules/@babel/parser/lib/index.js:10848:21)
      at TypeScriptParserMixin.parseMaybeAssign (/Users/sergio/aura-apps/node_modules/.pnpm/@babel+parser@7.29.7/node_modules/@babel/parser/lib/index.js:9803:20)
      at TypeScriptParserMixin.parseExpressionBase (/Users/sergio/aura-apps/node_modules/.pnpm/@babel+parser@7.29.7/node_modules/@babel/parser/lib/index.js:10801:23)
      at /Users/sergio/aura-apps/node_modules/.pnpm/@babel+parser@7.29.7/node_modules/@babel/parser/lib/index.js:10797:39
      at TypeScriptParserMixin.allowInAnd (/Users/sergio/aura-apps/node_modules/.pnpm/@babel+parser@7.29.7/node_modules/@babel/parser/lib/index.js:12443:12)
      at TypeScriptParserMixin.parseExpression (/Users/sergio/aura-apps/node_modules/.pnpm/@babel+parser@7.29.7/node_modules/@babel/parser/lib/index.js:10797:17)
      at TypeScriptParserMixin.jsxParseExpressionContainer (/Users/sergio/aura-apps/node_modules/.pnpm/@babel+parser@7.29.7/node_modules/@babel/parser/lib/index.js:4644:31)
      at TypeScriptParserMixin.jsxParseElementAt (/Users/sergio/aura-apps/node_modules/.pnpm/@babel+parser@7.29.7/node_modules/@babel/parser/lib/index.js:4723:36)
      at TypeScriptParserMixin.jsxParseElementAt (/Users/sergio/aura-apps/node_modules/.pnpm/@babel+parser@7.29.7/node_modules/@babel/parser/lib/index.js:4710:32)
      at TypeScriptParserMixin.jsxParseElementAt (/Users/sergio/aura-apps/node_modules/.pnpm/@babel+parser@7.29.7/node_modules/@babel/parser/lib/index.js:4710:32)
      at TypeScriptParserMixin.jsxParseElement (/Users/sergio/aura-apps/node_modules/.pnpm/@babel+parser@7.29.7/node_modules/@babel/parser/lib/index.js:4761:17)
      at TypeScriptParserMixin.parseExprAtom (/Users/sergio/aura-apps/node_modules/.pnpm/@babel+parser@7.29.7/node_modules/@babel/parser/lib/index.js:4771:19)
      at TypeScriptParserMixin.parseExprSubscripts (/Users/sergio/aura-apps/node_modules/.pnpm/@babel+parser@7.29.7/node_modules/@babel/parser/lib/index.js:11098:23)
      at TypeScriptParserMixin.parseUpdate (/Users/sergio/aura-apps/node_modules/.pnpm/@babel+parser@7.29.7/node_modules/@babel/parser/lib/index.js:11083:21)
      at TypeScriptParserMixin.parseMaybeUnary (/Users/sergio/aura-apps/node_modules/.pnpm/@babel+parser@7.29.7/node_modules/@babel/parser/lib/index.js:11063:23)
1:11:21 AM [vite] (client) hmr update /src/components/BottomDock.tsx
1:11:21 AM [vite] Internal server error: /Users/sergio/aura-apps/apps/farm-capacitor/src/components/BottomDock.tsx: Expected corresponding JSX closing tag for <button>. (192:12)

  190 |                 {props.trackingMode === "pose" ? "🧍" : "✋"}{" "}
  191 |                 {props.trackingMode === "pose" ? "Pose" : "Hand"}
> 192 |             </div>
      |             ^
  193 |           )}
  194 |         </div>
  195 |
  Plugin: vite:react-babel
  File: /Users/sergio/aura-apps/apps/farm-capacitor/src/components/BottomDock.tsx:192:12
  190 |                  {props.trackingMode === "pose" ? "🧍" : "✋"}{" "}
  191 |                  {props.trackingMode === "pose" ? "Pose" : "Hand"}
  192 |              </div>
      |              ^
  193 |            )}
  194 |          </div>
      at constructor (/Users/sergio/aura-apps/node_modules/.pnpm/@babel+parser@7.29.7/node_modules/@babel/parser/lib/index.js:365:19)
      at TypeScriptParserMixin.raise (/Users/sergio/aura-apps/node_modules/.pnpm/@babel+parser@7.29.7/node_modules/@babel/parser/lib/index.js:6616:19)
      at TypeScriptParserMixin.jsxParseElementAt (/Users/sergio/aura-apps/node_modules/.pnpm/@babel+parser@7.29.7/node_modules/@babel/parser/lib/index.js:4739:16)
      at TypeScriptParserMixin.jsxParseElementAt (/Users/sergio/aura-apps/node_modules/.pnpm/@babel+parser@7.29.7/node_modules/@babel/parser/lib/index.js:4710:32)
      at TypeScriptParserMixin.jsxParseElementAt (/Users/sergio/aura-apps/node_modules/.pnpm/@babel+parser@7.29.7/node_modules/@babel/parser/lib/index.js:4710:32)
      at TypeScriptParserMixin.jsxParseElement (/Users/sergio/aura-apps/node_modules/.pnpm/@babel+parser@7.29.7/node_modules/@babel/parser/lib/index.js:4761:17)
      at TypeScriptParserMixin.parseExprAtom (/Users/sergio/aura-apps/node_modules/.pnpm/@babel+parser@7.29.7/node_modules/@babel/parser/lib/index.js:4771:19)
      at TypeScriptParserMixin.parseExprSubscripts (/Users/sergio/aura-apps/node_modules/.pnpm/@babel+parser@7.29.7/node_modules/@babel/parser/lib/index.js:11098:23)
      at TypeScriptParserMixin.parseUpdate (/Users/sergio/aura-apps/node_modules/.pnpm/@babel+parser@7.29.7/node_modules/@babel/parser/lib/index.js:11083:21)
      at TypeScriptParserMixin.parseMaybeUnary (/Users/sergio/aura-apps/node_modules/.pnpm/@babel+parser@7.29.7/node_modules/@babel/parser/lib/index.js:11063:23)
      at TypeScriptParserMixin.parseMaybeUnary (/Users/sergio/aura-apps/node_modules/.pnpm/@babel+parser@7.29.7/node_modules/@babel/parser/lib/index.js:9854:18)
      at TypeScriptParserMixin.parseMaybeUnaryOrPrivate (/Users/sergio/aura-apps/node_modules/.pnpm/@babel+parser@7.29.7/node_modules/@babel/parser/lib/index.js:10916:61)
      at TypeScriptParserMixin.parseExprOps (/Users/sergio/aura-apps/node_modules/.pnpm/@babel+parser@7.29.7/node_modules/@babel/parser/lib/index.js:10921:23)
      at TypeScriptParserMixin.parseMaybeConditional (/Users/sergio/aura-apps/node_modules/.pnpm/@babel+parser@7.29.7/node_modules/@babel/parser/lib/index.js:10898:23)
      at TypeScriptParserMixin.parseMaybeAssign (/Users/sergio/aura-apps/node_modules/.pnpm/@babel+parser@7.29.7/node_modules/@babel/parser/lib/index.js:10848:21)
      at /Users/sergio/aura-apps/node_modules/.pnpm/@babel+parser@7.29.7/node_modules/@babel/parser/lib/index.js:9792:39
      at TypeScriptParserMixin.tryParse (/Users/sergio/aura-apps/node_modules/.pnpm/@babel+parser@7.29.7/node_modules/@babel/parser/lib/index.js:6924:20)
      at TypeScriptParserMixin.parseMaybeAssign (/Users/sergio/aura-apps/node_modules/.pnpm/@babel+parser@7.29.7/node_modules/@babel/parser/lib/index.js:9792:18)
      at /Users/sergio/aura-apps/node_modules/.pnpm/@babel+parser@7.29.7/node_modules/@babel/parser/lib/index.js:10817:39
      at TypeScriptParserMixin.allowInAnd (/Users/sergio/aura-apps/node_modules/.pnpm/@babel+parser@7.29.7/node_modules/@babel/parser/lib/index.js:12443:12)
      at TypeScriptParserMixin.parseMaybeAssignAllowIn (/Users/sergio/aura-apps/node_modules/.pnpm/@babel+parser@7.29.7/node_modules/@babel/parser/lib/index.js:10817:17)
      at TypeScriptParserMixin.parseMaybeAssignAllowInOrVoidPattern (/Users/sergio/aura-apps/node_modules/.pnpm/@babel+parser@7.29.7/node_modules/@babel/parser/lib/index.js:12510:17)
      at TypeScriptParserMixin.parseParenAndDistinguishExpression (/Users/sergio/aura-apps/node_modules/.pnpm/@babel+parser@7.29.7/node_modules/@babel/parser/lib/index.js:11692:28)
      at TypeScriptParserMixin.parseExprAtom (/Users/sergio/aura-apps/node_modules/.pnpm/@babel+parser@7.29.7/node_modules/@babel/parser/lib/index.js:11348:23)
      at TypeScriptParserMixin.parseExprAtom (/Users/sergio/aura-apps/node_modules/.pnpm/@babel+parser@7.29.7/node_modules/@babel/parser/lib/index.js:4776:20)
      at TypeScriptParserMixin.parseExprSubscripts (/Users/sergio/aura-apps/node_modules/.pnpm/@babel+parser@7.29.7/node_modules/@babel/parser/lib/index.js:11098:23)
      at TypeScriptParserMixin.parseUpdate (/Users/sergio/aura-apps/node_modules/.pnpm/@babel+parser@7.29.7/node_modules/@babel/parser/lib/index.js:11083:21)
      at TypeScriptParserMixin.parseMaybeUnary (/Users/sergio/aura-apps/node_modules/.pnpm/@babel+parser@7.29.7/node_modules/@babel/parser/lib/index.js:11063:23)
      at TypeScriptParserMixin.parseMaybeUnary (/Users/sergio/aura-apps/node_modules/.pnpm/@babel+parser@7.29.7/node_modules/@babel/parser/lib/index.js:9854:18)
      at TypeScriptParserMixin.parseMaybeUnaryOrPrivate (/Users/sergio/aura-apps/node_modules/.pnpm/@babel+parser@7.29.7/node_modules/@babel/parser/lib/index.js:10916:61)
      at TypeScriptParserMixin.parseExprOpBaseRightExpr (/Users/sergio/aura-apps/node_modules/.pnpm/@babel+parser@7.29.7/node_modules/@babel/parser/lib/index.js:11003:34)
      at TypeScriptParserMixin.parseExprOpRightExpr (/Users/sergio/aura-apps/node_modules/.pnpm/@babel+parser@7.29.7/node_modules/@babel/parser/lib/index.js:10998:21)
      at TypeScriptParserMixin.parseExprOp (/Users/sergio/aura-apps/node_modules/.pnpm/@babel+parser@7.29.7/node_modules/@babel/parser/lib/index.js:10964:27)
      at TypeScriptParserMixin.parseExprOp (/Users/sergio/aura-apps/node_modules/.pnpm/@babel+parser@7.29.7/node_modules/@babel/parser/lib/index.js:9323:18)
      at TypeScriptParserMixin.parseExprOps (/Users/sergio/aura-apps/node_modules/.pnpm/@babel+parser@7.29.7/node_modules/@babel/parser/lib/index.js:10925:17)
      at TypeScriptParserMixin.parseMaybeConditional (/Users/sergio/aura-apps/node_modules/.pnpm/@babel+parser@7.29.7/node_modules/@babel/parser/lib/index.js:10898:23)
      at TypeScriptParserMixin.parseMaybeAssign (/Users/sergio/aura-apps/node_modules/.pnpm/@babel+parser@7.29.7/node_modules/@babel/parser/lib/index.js:10848:21)
      at TypeScriptParserMixin.parseMaybeAssign (/Users/sergio/aura-apps/node_modules/.pnpm/@babel+parser@7.29.7/node_modules/@babel/parser/lib/index.js:9803:20)
      at TypeScriptParserMixin.parseExpressionBase (/Users/sergio/aura-apps/node_modules/.pnpm/@babel+parser@7.29.7/node_modules/@babel/parser/lib/index.js:10801:23)
      at /Users/sergio/aura-apps/node_modules/.pnpm/@babel+parser@7.29.7/node_modules/@babel/parser/lib/index.js:10797:39
      at TypeScriptParserMixin.allowInAnd (/Users/sergio/aura-apps/node_modules/.pnpm/@babel+parser@7.29.7/node_modules/@babel/parser/lib/index.js:12443:12)
      at TypeScriptParserMixin.parseExpression (/Users/sergio/aura-apps/node_modules/.pnpm/@babel+parser@7.29.7/node_modules/@babel/parser/lib/index.js:10797:17)
      at TypeScriptParserMixin.jsxParseExpressionContainer (/Users/sergio/aura-apps/node_modules/.pnpm/@babel+parser@7.29.7/node_modules/@babel/parser/lib/index.js:4644:31)
      at TypeScriptParserMixin.jsxParseElementAt (/Users/sergio/aura-apps/node_modules/.pnpm/@babel+parser@7.29.7/node_modules/@babel/parser/lib/index.js:4723:36)
      at TypeScriptParserMixin.jsxParseElementAt (/Users/sergio/aura-apps/node_modules/.pnpm/@babel+parser@7.29.7/node_modules/@babel/parser/lib/index.js:4710:32)
      at TypeScriptParserMixin.jsxParseElementAt (/Users/sergio/aura-apps/node_modules/.pnpm/@babel+parser@7.29.7/node_modules/@babel/parser/lib/index.js:4710:32)
      at TypeScriptParserMixin.jsxParseElement (/Users/sergio/aura-apps/node_modules/.pnpm/@babel+parser@7.29.7/node_modules/@babel/parser/lib/index.js:4761:17)
      at TypeScriptParserMixin.parseExprAtom (/Users/sergio/aura-apps/node_modules/.pnpm/@babel+parser@7.29.7/node_modules/@babel/parser/lib/index.js:4771:19)
      at TypeScriptParserMixin.parseExprSubscripts (/Users/sergio/aura-apps/node_modules/.pnpm/@babel+parser@7.29.7/node_modules/@babel/parser/lib/index.js:11098:23)
      at TypeScriptParserMixin.parseUpdate (/Users/sergio/aura-apps/node_modules/.pnpm/@babel+parser@7.29.7/node_modules/@babel/parser/lib/index.js:11083:21)
1:11:32 AM [vite] (client) hmr update /src/components/BottomDock.tsx
1:11:32 AM [vite] Internal server error: /Users/sergio/aura-apps/apps/farm-capacitor/src/components/BottomDock.tsx: Expected corresponding JSX closing tag for <button>. (193:12)

  191 |                 {props.trackingMode === "pose" ? "🧍" : "✋"}{" "}
  192 |                 {props.trackingMode === "pose" ? "Pose" : "Hand"}
> 193 |             </div>
      |             ^
  194 |           )}
  195 |         </div>
  196 |
  Plugin: vite:react-babel
  File: /Users/sergio/aura-apps/apps/farm-capacitor/src/components/BottomDock.tsx:193:12
  191 |                  {props.trackingMode === "pose" ? "🧍" : "✋"}{" "}
  192 |                  {props.trackingMode === "pose" ? "Pose" : "Hand"}
  193 |              </div>
      |              ^
  194 |            )}
  195 |          </div>
      at constructor (/Users/sergio/aura-apps/node_modules/.pnpm/@babel+parser@7.29.7/node_modules/@babel/parser/lib/index.js:365:19)
      at TypeScriptParserMixin.raise (/Users/sergio/aura-apps/node_modules/.pnpm/@babel+parser@7.29.7/node_modules/@babel/parser/lib/index.js:6616:19)
      at TypeScriptParserMixin.jsxParseElementAt (/Users/sergio/aura-apps/node_modules/.pnpm/@babel+parser@7.29.7/node_modules/@babel/parser/lib/index.js:4739:16)
      at TypeScriptParserMixin.jsxParseElementAt (/Users/sergio/aura-apps/node_modules/.pnpm/@babel+parser@7.29.7/node_modules/@babel/parser/lib/index.js:4710:32)
      at TypeScriptParserMixin.jsxParseElement (/Users/sergio/aura-apps/node_modules/.pnpm/@babel+parser@7.29.7/node_modules/@babel/parser/lib/index.js:4761:17)
      at TypeScriptParserMixin.parseExprAtom (/Users/sergio/aura-apps/node_modules/.pnpm/@babel+parser@7.29.7/node_modules/@babel/parser/lib/index.js:4771:19)
      at TypeScriptParserMixin.parseExprSubscripts (/Users/sergio/aura-apps/node_modules/.pnpm/@babel+parser@7.29.7/node_modules/@babel/parser/lib/index.js:11098:23)
      at TypeScriptParserMixin.parseUpdate (/Users/sergio/aura-apps/node_modules/.pnpm/@babel+parser@7.29.7/node_modules/@babel/parser/lib/index.js:11083:21)
      at TypeScriptParserMixin.parseMaybeUnary (/Users/sergio/aura-apps/node_modules/.pnpm/@babel+parser@7.29.7/node_modules/@babel/parser/lib/index.js:11063:23)
      at TypeScriptParserMixin.parseMaybeUnary (/Users/sergio/aura-apps/node_modules/.pnpm/@babel+parser@7.29.7/node_modules/@babel/parser/lib/index.js:9854:18)
      at TypeScriptParserMixin.parseMaybeUnaryOrPrivate (/Users/sergio/aura-apps/node_modules/.pnpm/@babel+parser@7.29.7/node_modules/@babel/parser/lib/index.js:10916:61)
      at TypeScriptParserMixin.parseExprOps (/Users/sergio/aura-apps/node_modules/.pnpm/@babel+parser@7.29.7/node_modules/@babel/parser/lib/index.js:10921:23)
      at TypeScriptParserMixin.parseMaybeConditional (/Users/sergio/aura-apps/node_modules/.pnpm/@babel+parser@7.29.7/node_modules/@babel/parser/lib/index.js:10898:23)
      at TypeScriptParserMixin.parseMaybeAssign (/Users/sergio/aura-apps/node_modules/.pnpm/@babel+parser@7.29.7/node_modules/@babel/parser/lib/index.js:10848:21)
      at /Users/sergio/aura-apps/node_modules/.pnpm/@babel+parser@7.29.7/node_modules/@babel/parser/lib/index.js:9792:39
      at TypeScriptParserMixin.tryParse (/Users/sergio/aura-apps/node_modules/.pnpm/@babel+parser@7.29.7/node_modules/@babel/parser/lib/index.js:6924:20)
      at TypeScriptParserMixin.parseMaybeAssign (/Users/sergio/aura-apps/node_modules/.pnpm/@babel+parser@7.29.7/node_modules/@babel/parser/lib/index.js:9792:18)
      at /Users/sergio/aura-apps/node_modules/.pnpm/@babel+parser@7.29.7/node_modules/@babel/parser/lib/index.js:10817:39
      at TypeScriptParserMixin.allowInAnd (/Users/sergio/aura-apps/node_modules/.pnpm/@babel+parser@7.29.7/node_modules/@babel/parser/lib/index.js:12443:12)
      at TypeScriptParserMixin.parseMaybeAssignAllowIn (/Users/sergio/aura-apps/node_modules/.pnpm/@babel+parser@7.29.7/node_modules/@babel/parser/lib/index.js:10817:17)
      at TypeScriptParserMixin.parseMaybeAssignAllowInOrVoidPattern (/Users/sergio/aura-apps/node_modules/.pnpm/@babel+parser@7.29.7/node_modules/@babel/parser/lib/index.js:12510:17)
      at TypeScriptParserMixin.parseParenAndDistinguishExpression (/Users/sergio/aura-apps/node_modules/.pnpm/@babel+parser@7.29.7/node_modules/@babel/parser/lib/index.js:11692:28)
      at TypeScriptParserMixin.parseExprAtom (/Users/sergio/aura-apps/node_modules/.pnpm/@babel+parser@7.29.7/node_modules/@babel/parser/lib/index.js:11348:23)
      at TypeScriptParserMixin.parseExprAtom (/Users/sergio/aura-apps/node_modules/.pnpm/@babel+parser@7.29.7/node_modules/@babel/parser/lib/index.js:4776:20)
      at TypeScriptParserMixin.parseExprSubscripts (/Users/sergio/aura-apps/node_modules/.pnpm/@babel+parser@7.29.7/node_modules/@babel/parser/lib/index.js:11098:23)
      at TypeScriptParserMixin.parseUpdate (/Users/sergio/aura-apps/node_modules/.pnpm/@babel+parser@7.29.7/node_modules/@babel/parser/lib/index.js:11083:21)
      at TypeScriptParserMixin.parseMaybeUnary (/Users/sergio/aura-apps/node_modules/.pnpm/@babel+parser@7.29.7/node_modules/@babel/parser/lib/index.js:11063:23)
      at TypeScriptParserMixin.parseMaybeUnary (/Users/sergio/aura-apps/node_modules/.pnpm/@babel+parser@7.29.7/node_modules/@babel/parser/lib/index.js:9854:18)
      at TypeScriptParserMixin.parseMaybeUnaryOrPrivate (/Users/sergio/aura-apps/node_modules/.pnpm/@babel+parser@7.29.7/node_modules/@babel/parser/lib/index.js:10916:61)
      at TypeScriptParserMixin.parseExprOpBaseRightExpr (/Users/sergio/aura-apps/node_modules/.pnpm/@babel+parser@7.29.7/node_modules/@babel/parser/lib/index.js:11003:34)
      at TypeScriptParserMixin.parseExprOpRightExpr (/Users/sergio/aura-apps/node_modules/.pnpm/@babel+parser@7.29.7/node_modules/@babel/parser/lib/index.js:10998:21)
      at TypeScriptParserMixin.parseExprOp (/Users/sergio/aura-apps/node_modules/.pnpm/@babel+parser@7.29.7/node_modules/@babel/parser/lib/index.js:10964:27)
      at TypeScriptParserMixin.parseExprOp (/Users/sergio/aura-apps/node_modules/.pnpm/@babel+parser@7.29.7/node_modules/@babel/parser/lib/index.js:9323:18)
      at TypeScriptParserMixin.parseExprOps (/Users/sergio/aura-apps/node_modules/.pnpm/@babel+parser@7.29.7/node_modules/@babel/parser/lib/index.js:10925:17)
      at TypeScriptParserMixin.parseMaybeConditional (/Users/sergio/aura-apps/node_modules/.pnpm/@babel+parser@7.29.7/node_modules/@babel/parser/lib/index.js:10898:23)
      at TypeScriptParserMixin.parseMaybeAssign (/Users/sergio/aura-apps/node_modules/.pnpm/@babel+parser@7.29.7/node_modules/@babel/parser/lib/index.js:10848:21)
      at TypeScriptParserMixin.parseMaybeAssign (/Users/sergio/aura-apps/node_modules/.pnpm/@babel+parser@7.29.7/node_modules/@babel/parser/lib/index.js:9803:20)
      at TypeScriptParserMixin.parseExpressionBase (/Users/sergio/aura-apps/node_modules/.pnpm/@babel+parser@7.29.7/node_modules/@babel/parser/lib/index.js:10801:23)
      at /Users/sergio/aura-apps/node_modules/.pnpm/@babel+parser@7.29.7/node_modules/@babel/parser/lib/index.js:10797:39
      at TypeScriptParserMixin.allowInAnd (/Users/sergio/aura-apps/node_modules/.pnpm/@babel+parser@7.29.7/node_modules/@babel/parser/lib/index.js:12443:12)
      at TypeScriptParserMixin.parseExpression (/Users/sergio/aura-apps/node_modules/.pnpm/@babel+parser@7.29.7/node_modules/@babel/parser/lib/index.js:10797:17)
      at TypeScriptParserMixin.jsxParseExpressionContainer (/Users/sergio/aura-apps/node_modules/.pnpm/@babel+parser@7.29.7/node_modules/@babel/parser/lib/index.js:4644:31)
      at TypeScriptParserMixin.jsxParseElementAt (/Users/sergio/aura-apps/node_modules/.pnpm/@babel+parser@7.29.7/node_modules/@babel/parser/lib/index.js:4723:36)
      at TypeScriptParserMixin.jsxParseElementAt (/Users/sergio/aura-apps/node_modules/.pnpm/@babel+parser@7.29.7/node_modules/@babel/parser/lib/index.js:4710:32)
      at TypeScriptParserMixin.jsxParseElementAt (/Users/sergio/aura-apps/node_modules/.pnpm/@babel+parser@7.29.7/node_modules/@babel/parser/lib/index.js:4710:32)
      at TypeScriptParserMixin.jsxParseElement (/Users/sergio/aura-apps/node_modules/.pnpm/@babel+parser@7.29.7/node_modules/@babel/parser/lib/index.js:4761:17)
      at TypeScriptParserMixin.parseExprAtom (/Users/sergio/aura-apps/node_modules/.pnpm/@babel+parser@7.29.7/node_modules/@babel/parser/lib/index.js:4771:19)
      at TypeScriptParserMixin.parseExprSubscripts (/Users/sergio/aura-apps/node_modules/.pnpm/@babel+parser@7.29.7/node_modules/@babel/parser/lib/index.js:11098:23)
      at TypeScriptParserMixin.parseUpdate (/Users/sergio/aura-apps/node_modules/.pnpm/@babel+parser@7.29.7/node_modules/@babel/parser/lib/index.js:11083:21)
      at TypeScriptParserMixin.parseMaybeUnary (/Users/sergio/aura-apps/node_modules/.pnpm/@babel+parser@7.29.7/node_modules/@babel/parser/lib/index.js:11063:23)
1:11:34 AM [vite] (client) hmr update /src/components/BottomDock.tsx
1:11:52 AM [vite] (client) hmr update /src/components/BottomDock.tsx
1:12:04 AM [vite] (client) hmr update /src/components/BottomDock.tsx
